symbol,adj growth,wacc,roa,dcf,current price,future price,growth,avg roc,niev,cash,net_margin
A,0.09,0.091,0.0,383897354.01,153.3943,1.3,-99.0,0.0,0.0,0.0,0.0
AAL,-1.53,0.0483,0.0,273034.86,16.3415,0.0,-100.0,0.0,0.0,0.0,0.0
AAP,0.09,0.08109999999999999,0.0,189802150.93,143.9075,3.2,-98.0,0.0,0.0,0.0,0.0
AAPL,0.17,0.1057,0.0,54229558472.53,135.16,3.42,-97.0,0.0,0.0,0.0,0.0
ABBV,0.33,0.0653,0.0,19639631458.97,147.6,11.11,-92.0,0.0,0.0,0.0,0.0
ABC,-1.41,0.0554,0.0,-13903.8,162.425,-0.0,-100.0,0.0,0.0,0.0,0.0
ABT,0.3,0.0711,0.0,9788679295.93,111.95,5.61,-95.0,0.0,0.0,0.0,0.0
ACN,0.09,0.10210000000000001,0.0,2090865642.12,276.435,3.32,-99.0,0.0,0.0,0.0,0.0
ADBE,0.15,0.1074,0.0,2237966269.33,351.845,4.89,-99.0,0.0,0.0,0.0,0.0
ADI,0.23,0.09269999999999999,0.0,2300595856.0,162.33,4.52,-97.0,0.0,0.0,0.0,0.0
ADM,0.13,0.0699,0.0,1140557163.19,84.58,2.08,-98.0,0.0,0.0,0.0,0.0
ADP,0.06,0.0836,0.0,718451833.5,234.975,1.73,-99.0,0.0,0.0,0.0,0.0
ADSK,0.09,0.11599999999999999,0.0,149828926.06,202.28,0.69,-100.0,0.0,0.0,0.0,0.0
AEE,0.05,0.0501,0.0,225704391.65,85.695,0.87,-99.0,0.0,0.0,0.0,0.0
AEP,0.06,0.0516,0.0,614951317.54,90.9,1.2,-99.0,0.0,0.0,0.0,0.0
AES,-2.57,0.0634,0.0,1410997782.19,26.71,2.11,-92.0,0.0,0.0,0.0,0.0
AFL,0.11,0.0885,0.0,1542992502.45,70.85,2.44,-97.0,0.0,0.0,0.0,0.0
AIG,-126.04,0.0758,0.0,-5.421893713350502e+27,61.97,-7.29749649636651e+18,-1.1775853632994208e+19,0.0,0.0,0.0,0.0
AIV,-4.09,0.0007000000000000001,0.0,22577944524.72,7.445,148.9,1900.0,0.0,0.0,0.0,0.0
AIZ,0.62,0.060599999999999994,0.0,12965420192.68,127.7925,245.41,92.0,0.0,0.0,0.0,0.0
AJG,0.09,0.0764,0.0,280199378.37,193.7,1.33,-99.0,0.0,0.0,0.0,0.0
AKAM,0.21,0.0694,0.0,490790137.06,87.78,3.12,-96.0,0.0,0.0,0.0,0.0
ALB,-0.27,0.1165,0.0,1535595.24,247.63,0.01,-100.0,0.0,0.0,0.0,0.0
ALB,-0.27,0.1165,0.0,1535595.24,248.07,0.01,-100.0,0.0,0.0,0.0,0.0
ALGN,0.57,0.1153,0.0,4756521647.96,239.4,60.89,-75.0,0.0,0.0,0.0,0.0
ALK,-0.74,0.08220000000000001,0.0,2266.06,49.89,0.0,-100.0,0.0,0.0,0.0,0.0
ALL,0.15,0.0633,0.0,786594990.6,125.745,2.97,-98.0,0.0,0.0,0.0,0.0
ALLE,0.05,0.0799,0.0,108879620.14,110.08,1.24,-99.0,0.0,0.0,0.0,0.0
AMAT,0.24,0.1217,0.0,5604207840.31,107.705,6.64,-94.0,0.0,0.0,0.0,0.0
AMD,1.47,0.1341,0.0,841608065062.95,68.49,521.97,662.0,0.0,0.0,0.0,0.0
AME,0.06,0.1016,0.0,239355707.66,140.55,1.04,-99.0,0.0,0.0,0.0,0.0
AMG,2.85,0.0902,0.0,8928659035832.7,164.41,237031.88,144071.0,0.0,0.0,0.0,0.0
AMGN,-0.07,0.0659,0.0,479646336.39,261.515,0.9,-100.0,0.0,0.0,0.0,0.0
AMP,0.11,0.1073,0.0,970937421.98,330.77,9.12,-97.0,0.0,0.0,0.0,0.0
AMT,0.21,0.058600000000000006,0.0,1963228711.41,218.0718,4.22,-98.0,0.0,0.0,0.0,0.0
AMZN,0.35,0.0924,0.0,61052797957.7,95.595,5.98,-94.0,0.0,0.0,0.0,0.0
ANSS,0.02,0.0992,0.0,80209409.59,252.76,0.92,-100.0,0.0,0.0,0.0,0.0
ANTM,0.0,0.0059,0.0,0.0,0.0,0.0,0.0,0.0,0.0,0.0,0.0
AON,0.06,0.07400000000000001,0.0,307053423.28,321.815,1.48,-100.0,0.0,0.0,0.0,0.0
AOS,0.04,0.10099999999999999,0.0,100738230.4,58.59,0.79,-99.0,0.0,0.0,0.0,0.0
APA,-20.25,0.1925,0.0,-9.923662048315032e+18,45.2999,-30865603922.45,-68136141510.0,0.0,0.0,0.0,0.0
APD,0.06,0.079,0.0,550769800.37,303.2128,2.48,-99.0,0.0,0.0,0.0,0.0
APH,0.07,0.10279999999999999,0.0,415194546.15,77.36,0.7,-99.0,0.0,0.0,0.0,0.0
APTV,0.02,0.1264,0.0,103689574.19,103.03,0.38,-100.0,0.0,0.0,0.0,0.0
ARE,0.18,0.07780000000000001,0.0,344013821.44,154.75,2.1,-99.0,0.0,0.0,0.0,0.0
ARNC,0.22,0.017,0.0,-346992818.2,23.5,-3.42,-114.99999999999999,0.0,0.0,0.0,0.0
ASTS,0.66,0.09230000000000001,0.0,-322510504.68,5.0295,-4.53,-190.0,0.0,0.0,0.0,0.0
ATVI,0.11,0.0507,0.0,991894342.71,73.515,1.27,-98.0,0.0,0.0,0.0,0.0
AVB,0.02,0.07780000000000001,0.0,177754135.7,168.49,1.27,-99.0,0.0,0.0,0.0,0.0
AVGO,0.46,0.096,0.0,40400950357.97,562.755,96.68,-83.0,0.0,0.0,0.0,0.0
AVY,0.18,0.0779,0.0,445646469.24,188.11,5.5,-97.0,0.0,0.0,0.0,0.0
AWK,0.23,0.0611,0.0,1107456582.7,149.4,6.09,-96.0,0.0,0.0,0.0,0.0
AXP,0.23,0.0834,0.0,6837540742.61,149.435,9.15,-94.0,0.0,0.0,0.0,0.0
AYI,0.05,0.11720000000000001,0.0,85418442.85,173.415,2.67,-98.0,0.0,0.0,0.0,0.0
AZO,0.1,0.07150000000000001,0.0,813537939.15,2323.02,43.35,-98.0,0.0,0.0,0.0,0.0
BA,3.56,0.0969,0.0,-282433487419809.4,206.135,-473895.23,-229996.0,0.0,0.0,0.0,0.0
BAC,0.07,0.063,0.0,7330535929.71,33.385,0.92,-97.0,0.0,0.0,0.0,0.0
BAX,-0.02,0.0447,0.0,161846218.36,43.745,0.32,-99.0,0.0,0.0,0.0,0.0
BBT,0.0,0.07,0.0,0.0,0.0,0.0,0.0,0.0,0.0,0.0,0.0
BBY,0.13,0.0983,0.0,1007434992.48,82.52,4.55,-94.0,0.0,0.0,0.0,0.0
BDX,0.21,0.0524,0.0,1372184550.28,251.37,4.83,-98.0,0.0,0.0,0.0,0.0
BEN,0.34,0.0738,0.06,41766528507.09,26.79,83.61,212.0,0.07,0.14,1.29,0.22
BF.B,0.0,0.0727,0.0,0.0,0.0,0.0,0.0,0.0,0.0,0.0,0.0
BHF,-0.52,0.0686,-0.0,-201585136905.26,53.79,-2916.04,-5521.0,-0.0,-0.03,0.27,-0.02
BIIB,0.0,0.0227,0.0,0.0,288.47,0.0,-100.0,0.0,0.0,0.0,0.0
BK,0.0,0.0604,0.0,0.0,43.455,0.0,-100.0,0.0,0.0,0.0,0.0
BLK,0.0,0.1033999999999999,0.0,0.0,712.92,0.0,-100.0,0.0,0.0,0.0,0.0
BMY,0.0,0.0508,0.0,0.0,79.815,0.0,-100.0,0.0,0.0,0.0,0.0
BSX,0.0,0.0814,0.0,0.0,45.46,0.0,-100.0,0.0,0.0,0.0,0.0
BWA,-0.1,0.0843999999999999,0.06,9880558517.14,41.62,41.21,-1.0,0.08,0.05,0.48,0.04
BXP,0.0,0.0617999999999999,0.0,0.0,0.0,0.0,0.0,0.0,0.0,0.0,0.0
C,0.14,0.0454,0.01,494633951544.05,45.3083,249.28,450.0,0.04,0.24,0.13,0.29
CAG,0.1,0.0489,0.04,16525331862.36,38.175,34.48,-10.0,0.05,0.05,0.02,0.08
CAH,-1.65,0.0572,-0.02,354267933555.24,80.31,1351.48,1583.0,-0.04,-0.04,0.15,-0.01
CAT,0.14,0.0751999999999999,0.07,133536506210.26,229.32,256.6,12.0,0.1,0.05,0.28,0.13
CB,0.3,0.052,0.03,5725135303225.51,218.92,13793.85,6201.0,0.06,0.09,0.02,0.21
CBOE,0.06,0.0779,0.08,,127.29,,,0.09,0.04,0.29,0.15
CCI,0.14,0.0605999999999999,0.02,118106582749.98,137.96,272.73,98.0,0.03,0.02,0.14,0.17
CCL,-1.02,0.0855,-0.06,-269419718309.88,8.985,-242.13,-2795.0,-0.07,-0.81,0.86,-4.98
CDNS,0.37,0.0953,0.19,23792632627.28,160.19,86.73,-46.0,0.24,0.02,1.12,0.23
CF,0.5,0.0889,0.04,58630937770.62,101.36,298.85,195.0,0.04,0.05,1.14,0.14
CFG,0.18,0.0917,0.01,-109453327141.36,39.505,-222.24,-663.0,0.05,0.11,0.06,0.33
CHD,0.09,0.0646,0.1,58422452919.16,80.095,239.57,199.0,0.13,0.04,0.12,0.16
CHK,5.94,0.011,-0.23,,94.71,,,-0.51,0.5,0.37,0.87
CHRW,0.09,0.0749,0.12,-2182970740.18,95.42,-18.55,-119.0,0.2,0.08,0.08,0.04
CHTR,0.39,0.0636,0.02,547450675978.45,374.19,3516.69,840.0,0.02,0.08,0.05,0.09
CI,0.0,0.0612,0.0,0.0,332.055,0.0,-100.0,0.0,0.0,0.0,0.0
CINF,0.0,0.0729,0.0,0.0,106.94,0.0,-100.0,0.0,0.0,0.0,0.0
CL,-0.02,0.0574,0.17,377180435353.56,77.255,451.6,485.0,0.23,0.03,0.21,0.12
CLX,0.0,0.0458,0.0,0.0,148.2,0.0,-100.0,0.0,0.0,0.0,0.0
CMA,0.0,0.0715,0.0,0.0,65.39,0.0,-100.0,0.0,0.0,0.0,0.0
CMCSA,0.0,0.0703,0.0,0.0,34.57,0.0,-100.0,0.0,0.0,0.0,0.0
CME,0.0,0.0713,0.0,0.0,176.5401,0.0,-100.0,0.0,0.0,0.0,0.0
CMG,0.0,0.1032,0.0,0.0,1499.29,0.0,-100.0,0.0,0.0,0.0,0.0
CMI,0.01,0.0825999999999999,0.1,34132699217.94,246.59,242.04,-2.0,0.14,0.06,0.37,0.09
CMS,0.21,0.049,0.03,-31820120150.11,59.93,-109.63,-283.0,0.03,0.08,0.21,0.18
CNC,0.13,0.0538999999999999,0.03,836110956271.71,87.055,1476.55,1596.0,0.04,0.03,0.51,0.01
CNP,-0.84,0.068,0.01,-211547333128.03,30.63,-336.04,-1197.0,0.01,0.08,0.05,0.18
COF,0.66,0.0746,0.02,262554424352.3,94.19,687.86,630.0,0.06,0.34,0.07,0.38
COO,2.95,0.0803,0.11,61855475406976.13,312.93,1253505.36,400471.0,0.12,0.19,0.13,1.01
COP,-1.17,0.1152,0.06,,115.7,,,0.07,0.06,0.42,0.17
COST,0.11,0.0733999999999999,0.08,115681419263.64,482.49,261.37,-46.0,0.16,0.03,0.32,0.03
COTY,0.0,0.0993999999999999,0.0,0.0,7.825,0.0,-100.0,0.0,0.0,0.0,0.0
CPB,1.36,0.0473,0.07,235467124385.43,55.8887,785.52,1306.0,0.1,0.05,0.04,0.09
CRM,6.65,0.0968,0.03,9475809131321914.0,130.6274,9475809.13,7253975.0,0.04,0.01,0.25,0.05
CSCO,0.01,0.0913,0.12,271821511743.24,48.235,66.17,37.0,0.16,0.06,0.28,0.23
CSX,0.0,0.0951999999999999,0.0,0.0,0.0,0.0,0.0,0.0,0.0,0.0,0.0
CTAS,0.08,0.1196,0.13,15072015356.26,452.68,148.43,-67.0,0.16,0.03,0.06,0.16
CTSH,0.0,0.0928,0.0,0.0,59.46,0.0,-100.0,0.0,0.0,0.0,0.0
CTXS,0.0,0.011,0.0,0.0,0.0,0.0,0.0,0.0,0.0,0.0,0.0
CVS,0.0,0.0506,0.0,0.0,102.08,0.0,-100.0,0.0,0.0,0.0,0.0
CVX,0.0,0.1048,0.0,0.0,173.065,0.0,-100.0,0.0,0.0,0.0,0.0
D,0.0,0.0506,0.0,0.0,58.035,0.0,-100.0,0.0,0.0,0.0,0.0
DAL,0.0,0.0579999999999999,0.0,0.0,34.425,0.0,-100.0,0.0,0.0,0.0,0.0
DE,0.31,0.0691,0.05,226058410042.22,441.6,748.98,70.0,0.07,0.04,0.26,0.14
DFS,0.72,0.0857,0.03,154074289040.71,104.28,563.91,441.0,0.1,0.19,0.1,0.46
DG,0.12,0.0476999999999999,0.1,57961757629.88,247.27,259.25,5.0,0.12,0.04,0.06,0.07
DGX,0.27,0.0834,0.1,52579963265.34,149.09,461.69,210.0,0.11,0.12,0.5,0.18
DHI,0.36,0.1158,0.15,6528833199.15,85.83,18.96,-78.0,0.18,0.2,0.43,0.17
DHR,0.25,0.0755,0.06,259183951996.52,266.53,356.04,34.0,0.06,0.03,0.32,0.22
DIS,-0.53,0.0949,0.02,-83669662145.51,92.2554,-45.88,-150.0,0.02,0.02,0.4,0.04
DISH,0.12,0.0426999999999999,0.05,104618174979.14,14.585,357.95,2354.0,0.06,0.31,0.37,0.13
DLR,0.93,0.0465,0.02,134951586463.7,108.63,469.36,332.0,0.03,0.05,0.07,0.39
DLTR,-0.2,0.0676,0.01,10505618243.34,144.21,47.5,-67.0,0.02,0.04,0.24,0.05
DOV,0.0,0.0971,0.0,0.0,138.3412,0.0,-100.0,0.0,0.0,0.0,0.0
DRE,0.37,0.0738,0.05,25777971234.51,48.2,66.96,39.0,0.05,0.05,0.32,0.76
DRI,-3.03,0.0957,0.07,-11537468265.8,143.28,-94.27,-166.0,0.09,0.05,0.23,0.1
DTE,-0.03,0.0565,0.03,-144793636098.06,114.82,-747.35,-751.0,0.03,0.04,0.0,0.06
DUK,0.36,0.0511,0.02,-1472214611623.36,99.91,-1911.81,-2014.0,0.02,0.05,0.02,0.16
DVA,0.0,0.0387,0.0,0.0,74.6448,0.0,-100.0,0.0,0.0,0.0,0.0
DVN,0.0,0.172,0.0,0.0,64.125,0.0,-100.0,0.0,0.0,0.0,0.0
DXC,-2.69,0.0724,-0.03,39012563340.8,26.885,169.57,531.0,-0.05,0.11,0.39,0.04
EA,0.0,0.0765,0.0,0.0,126.2,0.0,-100.0,0.0,0.0,0.0,0.0
EBAY,0.0,0.0885,0.0,0.0,43.744,0.0,-100.0,0.0,0.0,0.0,0.0
ECL,0.0,0.091,0.0,0.0,147.895,0.0,-100.0,0.0,0.0,0.0,0.0
ED,0.0,0.0469,0.0,0.0,97.39,0.0,-100.0,0.0,0.0,0.0,0.0
EFX,0.0,0.1048,0.0,0.0,192.62,0.0,-100.0,0.0,0.0,0.0,0.0
EIX,0.0,0.0608999999999999,0.0,0.0,65.66,0.0,-100.0,0.0,0.0,0.0,0.0
EL,0.54,0.0889,0.1,52112244172.29,232.125,225.33,-3.0,0.15,0.03,0.68,0.13
EMN,0.03,0.0911,0.05,17531574826.31,85.14,146.11,72.0,0.06,0.08,0.15,0.08
EMR,0.1,0.1066,0.1,20103808174.08,94.58,33.99,-64.0,0.13,0.06,0.23,0.16
EOG,-2.26,0.1182,0.07,59170837759.74,127.3,100.74,-21.0,0.08,0.06,1.29,0.24
EQIX,0.11,0.0564,0.02,401047346510.59,686.19,4333.86,532.0,0.02,0.01,0.96,0.08
EQR,0.2,0.0733999999999999,0.05,47186791209.03,61.9448,124.86,102.0,0.05,0.05,0.17,0.54
EQT,-0.1,0.0958,-0.07,2272144145.6,36.3,6.19,-83.0,-0.08,-0.09,0.02,-0.17
ES,0.05,0.0501999999999999,0.03,-6399134049925.2,83.32,-18372.11,-22150.0,0.03,0.04,0.01,0.12
ESS,0.06,0.0718,0.04,36717302813.61,213.55,567.03,166.0,0.04,0.03,0.11,0.31
ETN,0.04,0.0787,0.06,40929866923.0,157.46,102.92,-35.0,0.07,0.03,0.04,0.11
ETR,0.09,0.0567,0.02,-682313457867.24,116.2,-3234.14,-2883.0,0.02,0.05,0.07,0.1
EW,0.24,0.0987,0.15,28988429807.33,72.675,46.89,-35.0,0.17,0.03,0.84,0.29
EXC,0.0,0.0538,0.02,-1471377257894.74,42.56,-1480.64,-3579.0,0.02,0.04,0.07,0.05
EXPD,0.26,0.0851,0.17,22248220211.32,108.68,139.81,29.0,0.28,0.08,0.46,0.09
EXPE,0.0,0.0875,0.0,0.0,89.9234,0.0,-100.0,0.0,0.0,0.0,0.0
EXR,0.2,0.0653,0.06,58338191388.01,157.32,435.61,177.0,0.06,0.04,0.3,0.51
F,0.0,0.0682,0.0,0.0,13.29,0.0,-100.0,0.0,0.0,0.0,0.0
FAST,0.0,0.0962,0.0,0.0,50.475,0.0,-100.0,0.0,0.0,0.0,0.0
FBHS,0.18,0.0958,0.08,,0.0,,,0.1,0.0,0.24,0.1
FCX,0.0,0.1364,0.0,0.0,38.475,0.0,-100.0,0.0,0.0,0.0,0.0
FDX,0.93,0.0635,0.03,341607652914.94,173.42,1312.76,657.0,0.04,0.08,0.48,0.04
FE,0.0,0.0513,0.0,0.0,41.595,0.0,-100.0,0.0,0.0,0.0,0.0
FFIV,0.0,0.0928,0.0,0.0,0.0,0.0,0.0,0.0,0.0,0.0,0.0
FINV,0.0,0.0582,0.0,0.0,5.09,0.0,-100.0,0.0,0.0,0.0,0.0
FIS,0.0,0.063,0.0,0.0,68.83,0.0,-100.0,0.0,0.0,0.0,0.0
FISV,0.05,0.0742,0.04,79702698348.86,100.6,125.51,25.0,0.05,0.02,0.05,0.08
FITB,0.15,0.0762,0.01,-91578597746.51,33.095,-133.42,-503.0,0.06,0.12,0.02,0.33
FL,0.3,0.0564,0.09,71351069947.3,39.1399,764.74,1854.0,0.12,0.24,0.46,0.1
FLR,0.0,0.1332,0.0,0.0,34.3033,0.0,-100.0,0.0,0.0,0.0,0.0
FLS,0.18,0.0982,0.03,1380515772.89,30.65,10.56,-66.0,0.04,0.03,0.58,0.04
FMC,0.0,0.0689,0.0,0.0,128.16,0.0,-100.0,0.0,0.0,0.0,0.0
FOX,0.08,0.0672,0.07,85770780997.27,28.75,357.05,1142.0,0.08,0.07,2.26,0.09
FOXA,0.08,0.0653,0.07,97726310336.11,30.475,323.09,960.0,0.08,0.07,2.26,0.09
FRT,0.18,0.0866,0.04,6578748086.38,107.26,81.01,-24.0,0.04,0.03,0.48,0.27
FTI,-0.09,0.0991,-0.09,5992078703.49,11.64,13.42,15.0,-0.16,0.0,0.34,0.0
FTV,-0.04,0.0883999999999999,0.1,18024742478.73,66.41,50.94,-23.0,0.12,0.03,0.22,0.12
GD,0.0,0.0699,0.0,0.0,247.125,0.0,-100.0,0.0,0.0,0.0,0.0
GE,-1.13,0.0776,-0.03,-79357478260.87,85.39,-72.63,-185.0,-0.03,-0.07,0.26,-0.09
GILD,0.0,0.0373,0.0,0.0,87.67,0.0,-100.0,0.0,0.0,0.0,0.0
GIS,0.0,0.0398,0.0,0.0,86.52,0.0,-100.0,0.0,0.0,0.0,0.0
GLW,0.0,0.0801,0.0,0.0,33.185,0.0,-100.0,0.0,0.0,0.0,0.0
GM,0.08,0.0425,0.03,-514761700883.6,38.27,-354.55,-1026.0,0.05,0.18,0.22,0.08
GOOG,0.26,0.0974,0.15,1454110018873.41,95.485,238.93,150.0,0.18,0.06,0.33,0.3
GOOGL,0.0,0.0968,0.0,0.0,95.085,0.0,-100.0,0.0,0.0,0.0,0.0
GPN,0.0,0.0774,0.0,0.0,97.585,0.0,-100.0,0.0,0.0,0.0,0.0
GPS,0.0,0.0796,0.0,0.0,14.74,0.0,-100.0,0.0,0.0,0.0,0.0
GRMN,0.0,0.0679,0.0,0.0,94.15,0.0,-100.0,0.0,0.0,0.0,0.0
GS,0.27,0.0446,0.01,-1500095536417.18,360.14,-4429.83,-1330.0,0.02,0.17,0.32,0.37
GT,0.0,0.0785,0.0,0.0,10.6,0.0,-100.0,0.0,0.0,0.0,0.0
GWW,0.09,0.102,0.14,9370276681.27,589.845,185.44,-69.0,0.18,0.03,0.16,0.08
HAL,-0.35,0.1452,-0.01,-3335092375.73,35.595,-3.67,-110.0,-0.02,0.05,0.71,0.1
HAS,0.38,0.0557,0.04,120232335716.89,60.82,870.53,1331.0,0.05,0.05,0.4,0.07
HBAN,0.04,0.0726,0.01,-70171711217.49,14.81,-48.64,-428.0,0.05,0.06,0.04,0.22
HBI,-0.68,0.0558,0.04,93948963234.64,6.375,269.23,4123.0,0.05,0.03,0.23,0.01
HCA,0.19,0.1054,0.1,54679628634.6,239.64,193.41,-19.0,0.12,0.1,0.15,0.12
HCP,1.02,0.0626,-0.19,-23614161584.46,27.26,-320.24,-1275.0,-0.32,-0.06,4.39,-0.9
HD,0.1,0.0821,0.22,389996694434.1,321.94,382.65,19.0,0.35,0.05,0.08,0.11
HES,1.31,0.1058,-0.04,102345355510.96,135.09,331.96,146.0,-0.05,0.01,0.89,0.08
HIG,0.08,0.0873,0.03,53411609763.08,74.9,167.91,124.0,0.03,0.1,0.03,0.11
HII,0.0,0.0562,0.0,0.0,0.0,0.0,0.0,0.0,0.0,0.0,0.0
HLT,0.0,0.0942,0.0,0.0,135.03,0.0,-100.0,0.0,0.0,0.0,0.0
HOG,0.0,0.0529,0.0,0.0,46.365,0.0,-100.0,0.0,0.0,0.0,0.0
HOLX,0.0,0.0872,0.0,0.0,74.31,0.0,-100.0,0.0,0.0,0.0,0.0
HON,0.0,0.0898,0.0,0.0,0.0,0.0,0.0,0.0,0.0,0.0,0.0
HP,2.74,0.1209,-0.02,-3340220438802.84,46.34,-31692.7,-68492.0,-0.03,-0.07,1.06,-0.27
HPE,0.0,0.0696,0.0,0.0,16.005,0.0,-100.0,0.0,0.0,0.0,0.0
HPQ,0.15,0.0737,0.11,122737293562.92,27.84,122.01,338.0,0.42,0.0,0.12,0.05
HRB,-17.56,0.0632,0.12,-4.3292040400499937e+18,41.645,-27846270872.78,-66865820421.0,0.16,0.09,0.89,0.16
HRL,0.01,0.0453,0.09,,47.645,,,0.1,0.04,0.67,0.08
HSIC,0.1,0.0765,0.07,20139297085.07,81.41,148.58,83.0,0.1,0.06,0.05,0.05
HST,-0.66,0.0813,0.03,3884526815.13,17.575,5.43,-69.0,0.03,-0.0,9.49,-0.0
HSY,0.05,0.0579999999999999,0.14,,236.695,,,0.19,0.03,0.13,0.16
HUM,0.16,0.0673,0.08,30684796863.06,547.82,242.38,-56.00000000000001,0.13,0.04,0.22,0.03
IBM,-0.07,0.0572,0.05,1452740009692.64,147.37,1620.78,1000.0,0.07,0.04,0.2,0.1
ICE,0.22,0.0823,0.02,-71871563716.97,103.53,-128.67,-224.00000000000003,0.08,0.07,0.0,0.57
IDXX,0.17,0.1045,0.26,,420.28,,,0.42,0.02,0.19,0.23
IFF,-0.02,0.0877999999999999,0.02,10458270684.72,108.12,41.02,-62.0,0.03,0.01,0.2,0.02
ILMN,0.01,0.0975,0.1,,208.49,,,0.12,0.02,1.13,0.17
INCY,-0.62,0.0731,0.07,24676803603.75,83.99,110.92,32.0,0.08,0.05,2.41,0.32
INTC,-0.01,0.0639,0.14,659585674736.46,28.33,159.82,464.0,0.17,0.17,0.18,0.25
INTU,0.07,0.1085,0.16,56229348250.31,388.82,200.16,-49.0,0.21,0.02,0.77,0.16
IP,0.37,0.0625,0.05,,36.16,,,0.06,0.14,0.31,0.09
IPG,0.29,0.0825,0.04,45575142398.35,32.11,117.3,265.0,0.08,0.08,0.3,0.1
IQV,0.59,0.0987,0.02,,207.715,,,0.02,0.03,0.26,0.07
IR,-4.36,0.1089,0.03,-1346701081627.75,52.8,-3325.8,-6399.0,0.04,0.03,1.44,0.11
IRM,0.08,0.0655999999999999,0.03,-3515097928.7,54.44,-12.09,-122.0,0.03,0.03,0.13,0.1
ISRG,0.13,0.1182,0.13,25759845047.51,267.96,72.89,-73.0,0.14,0.02,1.12,0.3
IT,0.0,0.1061999999999999,0.0,0.0,342.56,0.0,-100.0,0.0,0.0,0.0,0.0
ITW,0.0,0.0916,0.0,0.0,220.23,0.0,-100.0,0.0,0.0,0.0,0.0
IVZ,0.0,0.0583,0.0,0.0,18.385,0.0,-100.0,0.0,0.0,0.0,0.0
JBHT,0.0,0.0987,0.0,0.0,176.3,0.0,-100.0,0.0,0.0,0.0,0.0
JCI,0.0,0.0868,0.0,0.0,66.25,0.0,-100.0,0.0,0.0,0.0,0.0
JNJ,0.08,0.0612,0.1,1750341165504.3,177.14,664.87,275.0,0.13,0.04,0.32,0.22
JNPR,-0.15,0.0828,0.04,14317396569.1,31.97,44.11,38.0,0.05,0.02,0.49,0.05
JPM,0.13,0.0607,0.01,4233531182974.03,131.51,1443.31,997.0,0.06,0.13,0.23,0.37
JWN,-0.84,0.0904,0.02,-3115970249.61,17.735,-19.46,-210.0,0.03,0.06,0.1,0.01
K,0.0,0.0467999999999999,0.0,0.0,73.91,0.0,-100.0,0.0,0.0,0.0,0.0
KEY,0.0,0.066,0.0,0.0,17.265,0.0,-100.0,0.0,0.0,0.0,0.0
KHC,-0.04,0.011,-0.02,771195829095.73,39.89,629.58,1478.0,-0.02,0.02,0.38,0.04
KIM,0.0,0.1001,0.0,0.0,21.975,0.0,-100.0,0.0,0.0,0.0,0.0
KLAC,0.3,0.1027999999999999,0.18,52915050896.03,388.09,373.38,-4.0,0.23,0.06,0.55,0.36
KMB,0.0,0.0537,0.0,0.0,136.72,0.0,-100.0,0.0,0.0,0.0,0.0
KMI,0.0,0.0613999999999999,0.0,0.0,18.0258,0.0,-100.0,0.0,0.0,0.0,0.0
KMX,0.0,0.0571,0.0,0.0,64.735,0.0,-100.0,0.0,0.0,0.0,0.0
KO,0.0,0.0684,0.0,0.0,63.565,0.0,-100.0,0.0,0.0,0.0,0.0
KR,-0.06,0.0452,0.05,122317907549.5,46.93,170.88,264.0,0.08,0.05,0.11,0.01
KSS,-1.82,0.0584999999999999,0.04,195399737176.25,27.48,1675.27,5996.0,0.05,0.29,0.48,0.05
L,0.0,0.067,0.0,0.0,56.24,0.0,-100.0,0.0,0.0,0.0,0.0
LEG,0.09,0.0837,0.07,1596062719.09,34.73,12.04,-65.0,0.09,0.09,0.27,0.08
LEN,0.27,0.1033999999999999,0.08,40894125361.92,89.01,160.52,80.0,0.09,0.17,0.68,0.16
LH,0.3,0.0823,0.07,79232039646.39,233.74,894.27,283.0,0.09,0.11,0.53,0.15
LKQ,0.23,0.091,0.06,21575047240.35,53.93,80.75,50.0,0.07,0.08,0.13,0.08
LLL,0.0,0.0795,0.0,0.0,0.0,0.0,0.0,0.0,0.0,0.0,0.0
LLY,0.0,0.057,0.0,0.0,372.47,0.0,-100.0,0.0,0.0,0.0,0.0
LMT,0.0,0.0687,0.0,0.0,481.19,0.0,-100.0,0.0,0.0,0.0,0.0
LNC,0.0,0.0892,0.0,0.0,35.54,0.0,-100.0,0.0,0.0,0.0,0.0
LNT,0.06,0.0587,0.03,,54.54,,,0.04,0.05,0.02,0.18
LOW,0.37,0.0849,0.12,216817486878.76,206.77,358.55,73.0,0.21,0.07,0.06,0.09
LRCX,0.21,0.1077999999999999,0.21,38767279698.33,444.28,284.26,-36.0,0.28,0.08,0.77,0.27
LUV,-0.83,0.065,0.03,100864000181.74,37.79,169.88,350.0,0.05,0.04,1.36,0.06
LYB,0.47,0.0794,0.12,201744442815.78,81.69,619.56,658.0,0.14,0.21,0.2,0.12
M,-2.2,0.0873,-0.01,52144966435.48,22.945,192.34,738.0,-0.02,0.23,0.32,0.06
MA,0.12,0.1009,0.23,159762726688.04,347.12,167.5,-52.0,0.39,0.03,0.56,0.46
MAA,0.31,0.0765,0.03,30921886921.0,159.32,267.78,68.0,0.03,0.03,0.08,0.3
MAC,-0.85,0.0818,-0.0,4156759171.85,12.64,19.35,53.0,-0.0,0.01,0.09,0.02
MAR,-1.49,0.1159,0.04,-8301376040.68,157.28,-26.23,-117.0,0.06,0.02,0.22,0.32
MAS,0.0,0.0922,0.0,0.0,48.955,0.0,-100.0,0.0,0.0,0.0,0.0
MAT,0.93,0.0836,0.01,41401682795.04,17.34,116.82,574.0,0.01,0.15,0.46,0.17
MCD,0.09,0.0689,0.13,338415314309.14,270.23,462.05,71.0,0.15,0.04,1.17,0.32
MCHP,0.0,0.1088,0.0,0.0,75.23,0.0,-100.0,0.0,0.0,0.0,0.0
MCK,4.06,0.0588,-0.01,241499037059095.3,384.75,1703180.35,442572.0,-0.02,0.02,0.07,0.0
MCO,0.0,0.0959,0.0,0.0,290.64,0.0,-100.0,0.0,0.0,0.0,0.0
MDLZ,0.0,0.0608,0.0,0.0,68.03,0.0,-100.0,0.0,0.0,0.0,0.0
MDT,0.0,0.0633,0.0,0.0,76.89,0.0,-100.0,0.0,0.0,0.0,0.0
MET,0.06,0.0877999999999999,0.01,-340743243705.37,0.0,-inf,-inf,0.01,0.1,0.3,0.09
MGM,-0.07,0.0839,0.02,-7384226248.57,36.585,-19.23,-153.0,0.02,0.09,1.37,0.13
MHK,0.0,0.0794,0.0,0.0,98.09,0.0,-100.0,0.0,0.0,0.0,0.0
MKC,0.0,0.0713,0.0,0.0,85.14,0.0,-100.0,0.0,0.0,0.0,0.0
MLM,0.0,0.0751,0.0,0.0,353.27,0.0,-100.0,0.0,0.0,0.0,0.0
MMC,0.17,0.0852999999999999,0.07,70874769492.63,171.26,142.89,-17.0,0.09,0.04,0.26,0.16
MMM,0.03,0.0761,0.12,204496585662.43,126.32,369.97,193.0,0.15,0.08,0.51,0.17
MNST,0.08,0.0791999999999999,0.21,39137164425.02,101.23,74.96,-26.0,0.24,0.03,1.37,0.25
MO,-1.36,0.0644,0.06,,46.35,,,0.09,0.03,0.53,0.12
MON,0.0,0.0015,-0.01,-1387488455.0,10.06,-55.5,-652.0,-0.29,0.02,1.3,0.0
MOS,-0.77,0.1061,0.02,5382678663.42,47.31,15.81,-67.0,0.02,0.1,0.16,0.13
MPC,-1.51,0.0955,0.01,7663537079.85,109.0,16.35,-85.0,0.02,0.19,0.3,0.08
MRK,0.26,0.0554,0.1,1825222580917.01,109.9254,719.9,555.0,0.13,0.05,0.34,0.27
MRO,-1.39,0.1651,0.01,13697647210.45,27.41,21.57,-21.0,0.01,0.05,0.35,0.17
MS,0.0,0.047,0.0,0.0,87.28,0.0,-100.0,0.0,0.0,0.0,0.0
MSFT,0.0,0.0856,0.0,0.0,244.63,0.0,-100.0,0.0,0.0,0.0,0.0
MSI,0.0,0.0866,0.0,0.0,265.96,0.0,-100.0,0.0,0.0,0.0,0.0
MTB,0.0,0.0669,0.0,0.0,148.15,0.0,-100.0,0.0,0.0,0.0,0.0
MTD,0.0,0.0974,0.0,0.0,1454.37,0.0,-100.0,0.0,0.0,0.0,0.0
MU,0.24,0.0906,0.1,,0.0,,,0.12,0.15,1.1,0.28
NAVI,0.0,0.0158,0.0,0.0,16.7,0.0,-100.0,0.0,0.0,0.0,0.0
NCLH,0.0,0.011,0.0,0.0,15.435,0.0,-100.0,0.0,0.0,0.0,0.0
NDAQ,0.0,0.0834999999999999,0.0,0.0,64.84,0.0,-100.0,0.0,0.0,0.0,0.0
NEE,-0.1,0.0583,0.04,-1181827988859.15,85.29,-594.73,-797.0,0.04,0.02,0.04,0.21
NEM,1.48,0.0530999999999999,0.05,1342358167704.99,47.19,1691.18,3484.0000000000005,0.05,0.03,1.88,0.1
NFLX,0.42,0.0969,0.07,-17494589349.42,308.42,-39.31,-113.0,0.09,0.04,0.71,0.17
NI,-9.79,0.0458,0.01,-1.7523344429767088e+16,27.67,-43146704.63,-155933257.0,0.01,0.05,0.03,0.12
NKE,0.21,0.0969999999999999,0.14,78315210442.25,108.33,62.17,-43.0,0.19,0.04,0.8,0.13
NLSN,0.0,0.011,0.0,0.0,0.0,0.0,0.0,0.0,0.0,0.0,0.0
NOC,0.29,0.0624,0.09,161795404887.74,538.05,1051.22,95.0,0.12,0.08,0.37,0.2
NOV,43.36,0.1232,-0.19,-8.988383825851149e+21,20.33,-22882560071566.38,-112555632422955.0,-0.23,-0.03,0.83,-0.05
NRG,4.01,0.0675,0.13,,33.14,,,0.16,0.29,0.03,0.08
NSC,0.06,0.0999,0.07,34477216866.71,241.55,148.92,-38.0,0.07,0.05,0.33,0.27
NTAP,0.0,0.0878999999999999,0.0,0.0,62.98,0.0,-100.0,0.0,0.0,0.0,0.0
NTRS,0.0,0.064,0.0,0.0,89.43,0.0,-100.0,0.0,0.0,0.0,0.0
NUE,1.69,0.1109,0.13,4284175682550.2,0.0,inf,inf,0.15,0.0,0.46,0.19
NVDA,0.0,0.1201,0.0,0.0,161.2,0.0,-100.0,0.0,0.0,0.0,0.0
NWL,0.0,0.0573,0.0,0.0,12.81,0.0,-100.0,0.0,0.0,0.0,0.0
NWS,0.0,0.0935999999999999,-0.01,11591596330.28,18.47,59.97,225.0,-0.01,0.06,0.52,0.0
NWSA,0.0,0.0922,0.0,0.0,18.205,0.0,-100.0,0.0,0.0,0.0,0.0
O,0.0,0.0776999999999999,0.0,0.0,0.0,0.0,0.0,0.0,0.0,0.0,0.0
OKE,0.0,0.1132,0.0,0.0,63.85,0.0,-100.0,0.0,0.0,0.0,0.0
OMC,0.0,0.0739,0.0,0.0,77.2,0.0,-100.0,0.0,0.0,0.0,0.0
ORCL,-0.05,0.0762,0.09,86643442394.16,78.77,32.14,-59.0,0.11,0.03,1.1,0.16
ORLY,0.12,0.0907,0.16,60364528883.36,828.79,964.66,16.0,0.3,0.04,0.06,0.16
OXY,4.22,0.1119999999999999,-0.02,466756041677437.6,63.95,513531.59,802920.0,-0.02,0.04,0.33,0.09
PAYX,0.07,0.0953,0.13,25637041811.6,120.44,71.13,-41.0,0.28,0.03,0.07,0.3
PCAR,0.01,0.0608,0.07,36289382768.19,104.49,104.35,-0.0,0.1,0.05,0.38,0.08
PCG,-0.36,0.0622,-0.05,-549434237814.92,15.57,-276.42,-1875.0,-0.08,-0.0,0.02,-0.0
PDCO,-2.01,0.0885,-0.02,-29505907751.51,28.55,-303.97,-1165.0,-0.03,0.07,0.14,0.03
PEG,0.0,0.0533,0.0,0.0,59.95,0.0,-100.0,0.0,0.0,0.0,0.0
PEP,-0.08,0.066,0.1,383016626831.4,182.18,278.01,53.0,0.14,0.03,0.21,0.1
PFE,0.31,0.0753,0.09,1167575049439.06,50.24,208.0,314.0,0.11,0.08,0.05,0.27
PFG,0.03,0.0892,0.01,-205521734377.69,90.24,-839.95,-1031.0,0.01,0.08,0.69,0.12
PG,0.0,0.057,0.0,0.0,149.775,0.0,-100.0,0.0,0.0,0.0,0.0
PGR,0.0,0.0588999999999999,0.0,0.0,130.49,0.0,-100.0,0.0,0.0,0.0,0.0
PH,-0.0,0.1035,0.07,26508330245.33,291.67,206.44,-29.0,0.09,0.04,0.09,0.08
PHM,0.0,0.0987,0.0,0.0,44.6,0.0,-100.0,0.0,0.0,0.0,0.0
PKG,0.0,0.068,0.0,0.0,135.2,0.0,-100.0,0.0,0.0,0.0,0.0
PKI,0.0,0.0834999999999999,0.0,0.0,136.3,0.0,-100.0,0.0,0.0,0.0,0.0
PLD,0.0,0.0791,0.0,0.0,115.95,0.0,-100.0,0.0,0.0,0.0,0.0
PM,0.0,0.0596999999999999,0.0,0.0,102.165,0.0,-100.0,0.0,0.0,0.0,0.0
PNC,0.0,0.0692,0.0,0.0,154.41,0.0,-100.0,0.0,0.0,0.0,0.0
PNR,0.0,0.0956,0.0,0.0,44.91,0.0,-100.0,0.0,0.0,0.0,0.0
PNW,0.0,0.0475,0.0,0.0,77.8,0.0,-100.0,0.0,0.0,0.0,0.0
PPG,0.03,0.0902999999999999,0.07,16241596907.89,129.63,69.11,-47.0,0.09,0.05,0.21,0.09
PPL,-0.49,0.0611,0.02,8593753285.49,28.98,11.67,-60.0,0.02,-0.07,1.54,-0.26
PRGO,-0.57,0.0458999999999999,0.0,,31.61,,,0.0,-0.02,1.17,-0.02
PRU,-5.07,0.0769,0.0,-154006293202568.62,102.63,-418495.36,-407871.0,0.01,0.2,0.07,0.11
PSA,0.05,0.0650999999999999,0.13,169266741919.47,296.82,963.73,225.0,0.13,0.04,0.75,0.56
PSX,-0.91,0.07,0.03,181814500007.38,103.01,384.69,273.0,0.03,0.03,0.25,0.01
PVH,-1.34,0.0888,0.02,,72.81,,,0.03,0.2,0.45,0.1
PX,0.0,0.0059,0.0,0.0,10.3,0.0,-100.0,0.0,0.0,0.0,0.0
PXD,-2.92,0.1155,0.04,8255022362.34,229.38,34.74,-85.0,0.04,0.04,0.94,0.12
PYPL,0.2,0.113,0.05,,74.42,,,0.12,0.05,0.12,0.16
QCOM,0.3,0.0925,0.19,155067802390.08,118.21,138.33,17.0,0.26,0.1,0.23,0.29
QRVO,0.0,0.1032,0.0,0.0,95.42,0.0,-100.0,0.0,0.0,0.0,0.0
RCL,0.0,0.1164,0.0,0.0,56.63,0.0,-100.0,0.0,0.0,0.0,0.0
RE,0.0,0.071,0.0,0.0,329.4,0.0,-100.0,0.0,0.0,0.0,0.0
REG,0.0,0.093,0.0,0.0,64.82,0.0,-100.0,0.0,0.0,0.0,0.0
REGN,0.0,0.0308,0.0,0.0,764.9275,0.0,-100.0,0.0,0.0,0.0,0.0
RF,0.0,0.0942,0.0,0.0,21.59,0.0,-100.0,0.0,0.0,0.0,0.0
RHI,0.0,0.1084,0.0,0.0,75.56,0.0,-100.0,0.0,0.0,0.0,0.0
RJF,0.0,0.092,0.0,0.0,113.91,0.0,-100.0,0.0,0.0,0.0,0.0
RL,0.0,0.0806,0.0,0.0,109.78,0.0,-100.0,0.0,0.0,0.0,0.0
RMD,0.0,0.0677,0.0,0.0,222.215,0.0,-100.0,0.0,0.0,0.0,0.0
ROK,0.11,0.1063,0.12,5014439356.4,255.0425,43.66,-83.0,0.17,0.03,0.14,0.12
ROP,0.14,0.0885,0.06,42336304628.42,434.22,399.2,-8.0,0.07,0.03,0.11,0.2
ROST,4.08,0.0864,0.14,321432992772453.6,115.36,926151.69,802736.0,0.21,0.04,1.17,0.09
RRC,-0.49,0.1457,-0.12,-467949662.47,25.27,-1.94,-108.0,-0.13,0.07,0.19,0.12
RSG,0.06,0.0689,0.05,66029221457.91,135.57,208.95,54.0,0.05,0.03,0.01,0.11
SBAC,2.26,0.0443,0.01,1166757909769.49,287.7,10806.72,3656.0,0.01,0.01,0.6,0.1
SBUX,0.57,0.0819999999999999,0.12,69377052973.8,101.87,60.44,-41.0,0.17,0.03,0.31,0.1
SCHW,0.16,0.087,0.01,-573875800307.29,80.19,-316.04,-494.00000000000006,0.09,0.04,0.11,0.32
SEE,0.29,0.0834999999999999,0.06,10227052250.58,52.39,70.7,35.0,0.09,0.07,0.28,0.09
SHW,0.0,0.0875,0.0,0.0,251.12,0.0,-100.0,0.0,0.0,0.0,0.0
SIG,0.0,0.123,0.0,0.0,73.6,0.0,-100.0,0.0,0.0,0.0,0.0
SJM,0.0,0.0411,0.0,0.0,155.68,0.0,-100.0,0.0,0.0,0.0,0.0
SLB,0.0,0.1225,0.0,0.0,49.8,0.0,-100.0,0.0,0.0,0.0,0.0
SLG,0.0,0.0479,0.0,0.0,34.64,0.0,-100.0,0.0,0.0,0.0,0.0
SNA,0.0,0.0883999999999999,0.0,0.0,236.46,0.0,-100.0,0.0,0.0,0.0,0.0
SNPS,0.14,0.1046,0.08,23776579859.02,334.59,154.96,-54.0,0.11,0.01,0.59,0.18
SO,0.12,0.0542,0.03,-366462878849.44,67.4,-345.78,-613.0,0.03,0.03,0.16,0.1
SPG,0.09,0.099,0.06,36900776011.77,118.61,112.29,-5.0,0.07,0.06,0.11,0.44
SPGI,0.11,0.1014,0.2,60859472695.64,351.25,252.53,-28.000000000000004,0.27,0.04,1.7,0.36
SRCL,-0.21,0.0653,-0.03,9703453336.45,52.52,105.63,101.0,-0.03,-0.01,0.08,-0.01
SRE,0.27,0.067,0.03,-117009542497.03,165.19,-366.41,-322.0,0.04,0.02,0.06,0.1
SSNC,0.88,0.0892999999999999,0.03,50396048141.06,52.3,198.2,279.0,0.04,0.06,0.15,0.16
STT,0.01,0.0841,0.01,-518407294447.43,77.2875,-1417.85,-1935.0,0.07,0.1,0.01,0.22
STX,0.01,0.0687,0.17,63081036191.02,52.96,283.34,435.0,0.25,0.14,0.18,0.14
STZ,-38.49,0.0767,0.05,4.4756318322491503e+20,256.45,2724657765699.82,1062451848486.0,0.05,-0.0,0.07,-0.0
SWK,0.28,0.0822,0.05,-9883957087.71,79.03,-60.63,-177.0,0.06,0.13,0.02,0.11
SWKS,0.16,0.0926999999999999,0.18,25365349547.99,94.06,153.37,63.0,0.19,0.1,1.34,0.29
SYF,0.39,0.0955,0.03,91544145297.96,34.83,167.28,380.0,0.1,0.22,0.12,0.45
SYK,-0.09,0.0841,0.08,64691025945.89,240.48,171.49,-29.0,0.09,0.02,0.65,0.12
SYY,0.48,0.0987,0.05,9595492140.83,85.31,18.72,-78.0,0.07,0.03,0.1,0.02
T,-1.46,0.0515,0.02,17415709392814.12,18.76,2438.83,12900.0,0.03,0.15,0.25,0.12
TAP,-1.74,0.0644,0.01,62423702549.31,54.755,311.21,468.0,0.01,0.08,0.18,0.1
TDG,-0.07,0.0951,0.05,-3363182527.27,620.35,-60.87,-110.0,0.06,0.02,2.88,0.14
TEL,-2.63,0.0851,0.08,40430197514.16,123.95,123.9,-0.0,0.1,0.06,0.26,0.15
TGT,0.23,0.0882,0.09,104528657800.61,157.15,218.17,39.0,0.15,0.09,0.27,0.07
TJX,7.68,0.0789,0.12,7.54316025592054e+16,79.79,63234862.32,79251513.0,0.18,0.03,0.59,0.07
TMO,0.27,0.0718,0.07,281416101775.48,557.17,714.17,28.000000000000004,0.08,0.04,0.33,0.2
TPR,-0.95,0.0906,0.06,14657268966.78,37.365,53.27,43.0,0.07,0.08,0.54,0.13
TRIP,-0.82,0.1038,-0.02,-446096763.29,19.965,-3.56,-118.0,-0.02,-0.05,2.03,-0.16
TROW,0.13,0.1159,0.23,48952310091.61,123.2,213.58,73.0,0.26,0.11,0.92,0.4
TRV,0.1,0.0701,0.03,289633505765.32,187.495,1177.33,528.0,0.07,0.08,0.01,0.11
TSCO,0.16,0.077,0.13,14600032143.06,222.505,128.28,-42.0,0.18,0.04,0.43,0.08
TSLA,1.05,0.1792,0.01,263828014093.74,184.57,262.71,42.0,0.02,0.03,0.89,0.1
TSN,0.04,0.0686,0.08,130574404371.48,64.725,445.54,588.0,0.09,0.13,0.4,0.06
TXN,0.09,0.089,0.3,160492231673.76,177.71,173.78,-2.0,0.34,0.05,1.8,0.42
TXT,0.1,0.1011,0.05,16362818819.43,70.0,74.23,6.0,0.07,0.05,0.57,0.06
UA,-2.59,0.0992,-0.01,8958671791.75,8.535,35.41,315.0,-0.01,0.08,1.15,0.06
UAA,-2.59,0.011,-0.01,102900834571.73,9.68,545.47,5535.0,-0.01,0.09,1.15,0.06
UAL,-0.82,0.0588,-0.01,-67918727717.58,44.83,-209.75,-568.0,-0.01,-0.14,1.0,-0.08
UHS,0.06,0.0821,0.07,-5845070523.49,126.72,-79.94,-163.0,0.08,0.1,0.06,0.08
ULTA,0.88,0.1061,0.15,42065795395.83,469.33,777.27,66.0,0.21,0.04,0.28,0.11
UNH,0.09,0.0766,0.08,649986446549.46,536.83,690.12,29.0,0.12,0.03,0.27,0.06
UNM,0.19,0.0803,0.01,-13908443469.31,41.83,-68.03,-263.0,0.01,0.1,0.13,0.07
UNP,0.03,0.0898,0.1,112709463275.3,211.9162,175.32,-17.0,0.1,0.05,0.17,0.3
UPS,1.75,0.0833,0.09,11358116254195.22,183.03,15577.03,8411.0,0.13,0.08,0.58,0.13
URI,0.09,0.1039,0.06,14541996853.34,348.51,200.87,-42.0,0.07,0.05,0.06,0.14
USB,0.07,0.0596,0.01,563289534017.07,44.265,379.88,758.0,0.06,0.12,0.06,0.34
V,-0.22,0.0924,,,215.1804,0.0,-100.0,,0.0,,
VFC,0.34,0.0774,0.08,16358554006.26,29.81,41.65,40.0,0.11,0.12,0.38,0.12
VLO,-0.77,0.1061,0.02,39039329283.85,123.44,95.49,-23.0,0.03,0.02,0.24,0.01
VMC,0.07,0.0736,0.05,17982000746.19,179.18,135.5,-24.0,0.06,0.03,0.31,0.12
VNO,0.74,0.0579999999999999,0.05,92078110766.78,23.45,480.37,1948.0,0.05,0.04,2.77,0.1
VRSK,0.06,0.0828999999999999,0.09,23488843519.7,182.78,145.75,-20.0,0.11,0.02,0.15,0.22
VRSN,0.08,0.0931,0.37,15349827456.21,197.76,138.19,-30.0,0.8,0.04,0.21,0.59
VRTX,0.16,0.0496999999999999,0.22,97257060706.31,317.65,382.52,20.0,0.26,0.03,3.17,0.31
VTR,-0.18,0.0889,0.01,8834267174.92,45.63,22.13,-52.0,0.01,0.0,0.13,0.01
VZ,0.09,0.0369,0.06,784970578278.7,37.135,187.0,404.0,0.07,0.14,0.06,0.17
WAT,0.05,0.0847,0.2,15160760699.95,341.245,248.39,-27.0,0.26,0.03,0.74,0.25
WBA,0.98,0.0426999999999999,0.04,291784698399.12,40.95,337.74,725.0,0.05,0.12,0.06,0.03
WDC,-0.92,0.0797,0.01,12759979805.6,34.87,40.95,17.0,0.02,0.14,0.44,0.08
WEC,0.05,0.0504,0.03,-605541386732.16,94.675,-1919.7,-2128.0,0.04,0.04,0.0,0.16
WFC,0.99,0.059,0.01,-1876723389404.53,44.335,-470.68,-1162.0,0.04,0.12,0.19,0.26
WHR,-1.52,0.0771999999999999,0.05,48294366254.29,142.75,795.06,457.0,0.08,0.21,0.36,0.08
WM,-0.01,0.072,0.06,94445547434.76,167.765,225.78,35.0,0.07,0.03,0.03,0.1
WMB,-0.23,0.0807,0.01,56114279922.0,34.585,46.18,34.0,0.01,0.04,0.34,0.14
WMT,0.26,0.0608999999999999,0.05,919998165220.38,151.36,331.66,119.0,0.08,0.03,0.17,0.02
WRK,-1.02,0.0676,0.03,69780772727.27,36.75,265.24,622.0,0.03,0.09,0.08,0.04
WU,0.01,0.0686,0.1,48544184612.47,14.105,120.75,756.0,0.24,0.14,0.24,0.16
WY,-2.3,0.1063,0.06,50229641644.89,31.485,67.06,113.0,0.06,0.11,1.97,0.26
WYNN,-4.29,0.0929,-0.04,1753268025698.14,85.44,15159.07,17642.0,-0.04,-0.08,1.96,-0.2
X,-1.18,0.1217999999999999,0.05,38385504178.27,26.485,142.05,436.00000000000006,0.06,0.58,0.65,0.21
XEL,0.05,0.0527,0.03,-841041943519.74,68.58,-1561.31,-2377.0,0.03,0.04,0.03,0.12
XL,0.39,0.0004,-0.67,-260674980386.03,1.14,-1869.72,-164111.0,0.05,0.18,21.14,1.85
XOM,-1.1,0.0926999999999999,0.03,716203180327.87,107.6,169.17,56.99999999999999,0.03,0.05,0.12,0.08
XRAY,-1.93,0.0783,-0.01,14922217768.36,30.65,68.26,123.0,-0.01,0.06,0.29,0.1
XRX,-0.33,0.0566,0.02,80674652715.45,16.74,451.93,2600.0,0.03,-0.15,0.65,-0.06
XYL,0.01,0.0895,0.05,3783691328.66,111.92,20.98,-81.0,0.06,0.02,0.97,0.08
YUM,0.06,0.0955,0.26,20104298027.7,130.31,68.58,-47.0,0.36,0.04,0.34,0.24
ZBH,-2.01,0.0813,0.01,23587382930.5,121.97,112.91,-7.000000000000001,0.01,0.02,0.14,0.05
ZION,0.15,0.0926999999999999,0.01,-74796379727.12,48.43,-478.05,-1087.0,0.09,0.15,0.03,0.35
ZTS,0.09,0.0791999999999999,0.13,53695953278.8,155.375,113.49,-27.0,0.15,0.03,1.94,0.26
