symbol,roa,roe,mce,niev,aegr,afcf,inc,avrt,wacc,ytd,debt / assets,exp_rat,inc / earn,price,roc,net_margin,cash,adj growth,avg roc,dcf,future price,current price,growth
MSI,0.0,0.0,0.0,0.0,10.13,0.0,['1928'],0.0,0.04,10.4,0.47,0.0,0.13,,0.0,0.0,0.0,0.0,0.0,0.0,0.0,0.0,0.0
ORLY,0.0,-3.21,-858.56,0.0,18.18,-18.48,['1957'],-1.44,0.0949,-0.09,0.33,0.78,0.05,,0.3,0.0,0.0,0.0,0.0,0.0,0.0,0.0,0.0
HD,0.0,-3.83,-195.04,0.0,14.42,-6.15,['1978'],-1.7,0.0858,0.61,0.47,0.85,0.06,,0.35,0.0,0.0,0.0,0.0,0.0,0.0,0.0,0.0
HCA,0.0,-0.73,-76.34,0.0,28.32,-11.58,['1968'],-0.26,0.1083,-3.45,0.67,0.84,0.16,,0.12,0.0,0.0,0.0,0.0,0.0,0.0,0.0,0.0
MAS,0.0,-1.65,-67.61,0.0,-2.74,1.92,['1929'],-0.68,0.0955,-0.27,0.52,0.88,0.27,,0.22,0.0,0.0,0.0,0.0,0.0,0.0,0.0,0.0
MO,0.0,0.07,-51.24,0.0,-202.88,-0.17,['1822'],0.1,0.0676,10.4,0.68,0.43,0.1,,0.09,0.0,0.0,0.0,0.0,0.0,0.0,0.0,0.0
HLT,0.02,-0.12,-46.82,0.01,-107.73,294.07,['1919'],-0.04,0.0953,-24.5,0.56,0.58,0.38,,0.03,0.17,0.47,-0.72,0.03,-14546764208.01,-53.79,141.42,-138.0
MCD,0.13,-0.98,-44.58,0.04,13.24,-12.42,['1940'],-0.36,0.0691,-1.88,0.66,0.57,0.12,,0.15,0.32,1.17,0.09,0.15,334283827075.56,456.41,273.4,67.0
WYNN,-0.04,2.44,-40.1,-0.08,-640.95,98.18,,1.18,0.0909,1.15,0.95,1.1,-1.65,,-0.04,-0.2,1.96,-4.29,-0.04,1792422130445.36,15818.19,85.15,18477.0
ORCL,0.09,0.72,-34.27,0.03,-8.02,56.35,['1977'],0.45,0.0774,2.22,0.66,0.63,0.17,,0.11,0.16,1.1,-0.05,0.11,77818778489.37,28.86,83.35,-65.0
CAH,-0.02,-0.05,-30.89,-0.04,-246.8,1.11,['1979'],-0.04,0.0584,-24.6,0.11,0.99,0.09,,-0.04,-0.01,0.15,-1.65,-0.04,297288745380.3,1134.11,80.88,1302.0
LOW,0.12,1.28,-29.42,0.06,55.33,6.98,['1921'],0.76,0.0849,-0.28,0.52,0.87,0.07,,0.21,0.09,0.06,0.37,0.21,216817486878.76,358.55,214.84,67.0
MCK,-0.01,53.96,-23.02,0.02,606.06,-3.61,['1833'],26.97,0.0605,-229.86,0.08,0.99,0.07,,-0.02,0.0,0.07,4.06,-0.02,238676172695009.44,1563224.04,386.85,403990.0
HPQ,0.11,-4.05,-19.13,0.1,26.02,-9.77,['1939'],-1.9,0.0742,6.47,0.17,0.91,0.04,,0.49,0.05,0.12,0.15,0.42,119375263067.68,110.25,29.64,272.0
MON,-0.01,-0.48,-17.01,0.02,0.0,-99.97,,-0.25,0.0949,-6.5,0.0,0.0,0.0,,-0.29,0.0,1.3,0.0,-0.29,-288765866.5,-11.55,10.03,-215.0
VRSN,0.37,-0.51,-16.44,0.03,11.51,-4.14,['1995'],0.12,0.0917,7.03,0.9,0.35,0.1,,0.8,0.59,0.21,0.08,0.8,15966801817.1,143.74,202.1,-29.0
PM,0.19,-0.7,-14.93,0.06,5.34,-10.18,['1987'],-0.16,0.0599,-4.75,0.6,0.58,0.06,,0.35,0.29,0.23,0.04,0.35,1140404965991.11,732.52,104.3,602.0
AZO,0.15,-1.2,-14.58,0.05,14.78,-11.88,['1979'],-0.45,0.0725,4.58,0.4,0.8,0.06,,0.31,0.15,0.03,0.1,0.31,100473719376.73,4869.23,2571.59,89.0
TDG,0.05,-0.31,-11.68,0.02,-10.39,7.82,['1993'],-0.1,0.0943,-9.2,1.01,0.63,0.6,,0.06,0.14,2.88,-0.07,0.06,-3023496210.21,-54.73,621.82,-109.0
BA,-0.01,7.96,-6.87,-0.04,532.04,-49.21,['1916'],3.97,0.0944,-14.55,0.4,1.01,-3.9,,0.0,-0.07,0.1,3.56,0.0,-287161034594683.6,-488619.23,182.87,-267295.0
SBAC,0.01,-0.03,-6.09,0.01,337.33,-12.62,,0.0,0.0438999999999999,-inf,1.25,0.65,0.52,,0.01,0.1,0.6,2.26,0.01,1169867840804.99,10754.34,295.25,3542.0
YUM,0.26,-0.16,-4.34,0.04,9.33,-13.5,['1997'],0.18,0.0934,2.06,1.87,0.68,0.26,,0.36,0.24,0.34,0.06,0.36,21752779774.78,74.21,129.68,-43.0
AAL,-0.03,-5.27,-1.22,-0.22,-228.38,-1075.24,['1930'],-2.66,0.0461,7.22,0.53,1.17,-0.35,,-0.04,-0.07,0.01,-1.53,-0.04,-60846597307.0,-93.97,13.97,-773.0
SBUX,0.13,0.59,0.0,0.0,85.94,949.14,['1971'],0.42,0.0814,0.08,0.43,0.84,0.1,,0.19,0.14,0.79,0.58,0.19,144439751666.38,0.0,105.05,-100.0
BF.B,0.0,0.0,0.0,0.0,0.0,0.0,,0.0,0.0726,10.0,0.0,0.0,0.0,,0.0,0.0,0.0,0.0,0.0,0.0,0.0,0.0,0.0
BBT,0.0,0.0,0.0,0.0,0.0,0.0,,0.0,0.07,10.0,0.0,0.0,0.0,,0.0,0.0,0.0,0.0,0.0,0.0,0.0,0.0,0.0
ANTM,0.0,0.0,0.0,0.0,0.0,0.0,,0.0,0.0007,10.0,0.0,0.0,0.0,,0.0,0.0,0.0,0.0,0.0,0.0,0.0,0.0,0.0
V,,,0.0,0.0,-32.25,,['1958'],,0.091,,,,,,,,,-0.22,,,0.0,217.66,-100.0
APA,-0.13,0.32,0.0,0.0,-3021.91,-90.2,['1954'],0.03,0.1987999999999999,33.83,0.55,0.63,0.14,,-0.14,0.12,0.14,-20.25,-0.14,-9.435925804198572e+18,0.0,47.11,-100.0
FINV,0.15,0.3,0.12,1.83,2.14,-203.99,,0.3,0.0587,6.33,0.0,0.51,0.02,,0.15,0.26,6.14,0.01,0.15,62317511015.82,219.91,4.85,4434.0
LLL,-0.34,-0.48,0.15,-10.0,0.0,135.44,,-0.58,0.0226,-7.52,0.0,0.0,0.0,,-0.41,0.0,1.79,0.0,-0.41,-1000687314.27,-225.72,0.8391,-27000.0
GOOGL,0.15,0.21,0.25,1.14,39.27,-30.02,['1998'],0.26,0.0960999999999999,6.35,0.04,0.69,0.0,,0.18,0.3,0.33,0.26,0.18,1496128857157.19,4973.67,100.44,4852.0
GOOG,0.15,0.21,0.25,1.14,39.27,-30.02,['1998'],0.26,0.0967,6.35,0.04,0.69,0.0,,0.18,0.3,0.33,0.26,0.18,1476445867213.46,4646.74,100.83,4508.0
BHF,-0.0,-0.01,0.27,-0.02,-77.33,64.13,,0.0,0.0702,-inf,0.01,1.01,-3.43,,0.0,-0.02,0.27,-0.52,-0.0,-204920812923.04,-2567.32,55.03,-4765.0
AMZN,0.06,0.22,0.34,0.7,51.84,-104.21,['1994'],0.17,0.0911999999999999,7.18,0.13,0.95,0.07,,0.11,0.07,0.25,0.35,0.11,-596402964374.36,-1175.99,94.13,-1349.0
LNC,0.0,0.06,0.34,0.2,30.63,-173.9,['1905'],0.03,0.0929,33.63,0.02,0.9,0.13,,0.0,0.07,0.17,0.21,0.0,-362308149447.48,-2004.93,38.82,-5265.0
XL,-0.67,0.28,0.44,0.18,58.24,-29.24,,-0.53,0.0181,-7.19,0.0,4.78,0.0,,0.05,1.85,21.14,0.39,0.05,-5764350700.14,-41.35,1.14,-3727.000000000001
DISH,0.05,0.15,0.51,0.29,17.19,-8.1,['1980'],0.12,0.0443,8.83,0.4,0.82,0.01,,0.06,0.13,0.37,0.12,0.06,99802942545.89,343.71,15.56,2109.0
C,0.01,0.1,0.53,0.23,21.06,-149.73,['1812'],0.06,0.0462,16.97,0.1,0.63,0.0,,0.04,0.29,0.13,0.14,0.04,451045745134.67,227.31,47.24,381.0
SLG,0.03,0.07,0.59,0.17,21.37,33.91,,0.06,0.0516,17.07,0.37,0.83,0.64,,0.03,0.6,0.54,0.14,0.03,161895611710.95,2426.25,40.61,5875.0
GT,-0.0,-0.05,0.6,0.24,-0.86,131.73,['1898'],-0.02,0.0799,-49.8,0.3,0.94,0.39,,-0.01,0.04,0.16,-0.01,-0.01,-13453123048.45,-47.83,11.25,-525.0
XRX,0.02,0.06,0.61,-0.15,-49.33,44.94,['1906'],0.05,0.0562,20.4,0.27,0.94,0.23,,0.03,-0.06,0.65,-0.33,0.03,86432720862.71,484.18,16.67,2804.0
PRU,0.0,0.07,0.65,0.19,-757.14,43.4,['1875'],0.04,0.0783,,0.02,0.85,,,0.01,0.11,0.07,-5.07,0.01,-151762610853468.4,-401488.39,107.68,-372953.0
UNM,0.01,0.08,0.73,0.09,28.74,79.58,['1848'],0.05,0.0812,20.5,0.05,0.89,0.14,,0.01,0.07,0.13,0.19,0.01,-15185752203.89,-74.28,42.87,-273.0
X,0.05,0.07,0.73,0.57,-176.62,-70.01,['1901'],0.08,0.1208,13.3,0.21,0.77,0.07,,0.06,0.21,0.65,-1.18,0.06,39052050847.46,144.51,27.04,434.0
IVZ,0.03,0.1,0.76,0.19,34.2,-7.59,['1935'],0.08,0.0588,13.3,0.06,0.75,0.15,,0.03,0.24,0.99,0.23,0.03,99899382232.57,216.6,19.09,1035.0
AIG,0.0,0.03,0.76,0.18,-18811.83,-145.25,['1919'],0.02,0.0761,50.2,0.05,0.79,0.12,,0.0,0.18,0.01,-126.04,0.0,-5.40818816260311e+27,-6.513550877901577e+18,62.75,-1.038016076159614e+19
COF,0.02,0.13,0.77,0.3,99.22,4.35,['1988'],0.08,0.0758,13.0,0.08,0.51,0.0,,0.06,0.38,0.07,0.66,0.06,238974401321.55,561.47,97.69,475.0
PVH,0.02,0.03,0.78,0.19,-200.05,-9.33,['1881'],0.04,0.0883,25.4,0.19,0.89,0.11,,0.03,0.1,0.45,-1.34,0.03,,,72.93,
FIS,0.01,0.03,0.79,0.01,17.39,-23.2,['1968'],0.02,0.0655999999999999,50.2,0.18,0.91,0.17,,0.01,0.03,0.14,0.12,0.01,266790965203.69,438.13,74.06,492.0
MHK,0.06,0.1,0.8,0.15,18.68,7.22,['1988'],0.11,0.0799,10.09,0.12,0.88,0.04,,0.07,0.09,0.09,0.13,0.07,16857043885.71,248.88,102.09,144.0
CFG,0.01,0.08,0.81,0.13,27.49,-7696.74,['1828'],0.05,0.0931,20.4,0.03,0.58,0.0,,0.05,0.33,0.06,0.18,0.05,-111214885233.55,-260.95,41.7,-726.0
L,0.01,0.03,0.81,0.11,-140.95,92.32,['1969'],0.02,0.0681,50.3,0.11,0.82,0.16,,0.01,0.11,0.02,-0.94,0.01,60421657459.78,238.18,57.67,313.0
T,0.02,0.07,0.81,0.15,-217.81,-3.1,['1983'],0.06,0.0512,17.17,0.28,0.78,0.19,,0.03,0.12,0.25,-1.46,0.03,21865959387217.43,3062.03,19.02,15999.0
PRGO,0.0,0.0,0.83,-0.02,-85.8,-158.25,['1887'],0.0,0.0463,inf,0.28,0.96,0.65,,0.0,-0.02,1.17,-0.57,0.0,,,31.94,
WRK,0.03,0.06,0.83,0.08,-152.04,-13.43,,0.06,0.0675,17.17,0.27,0.92,0.29,,0.03,0.04,0.08,-1.02,0.03,70280000000.0,267.13,37.85,606.0
TAP,0.01,0.02,0.88,0.08,-258.99,17.27,['1774'],0.02,0.0629,50.2,0.24,0.85,0.17,,0.01,0.1,0.18,-1.74,0.01,71333865919.25,355.63,55.57,540.0
CCL,-0.06,-0.26,0.89,-0.82,-151.55,1247.05,['1972'],-0.19,0.088,-5.46,0.53,4.29,-0.25,,-0.07,-4.98,0.86,-1.02,-0.07,-254405263157.91,-259.32,10.0,-2693.0
MAC,-0.0,-0.01,0.91,0.01,-127.55,41.68,,0.0,0.0812,-inf,0.45,0.83,1.35,,0.0,0.02,0.09,-0.85,-0.0,4338596617.38,20.37,12.52,63.0
VNO,0.05,0.16,0.92,0.04,110.31,11.0,,0.13,0.0578,8.29,0.5,0.79,0.57,,0.05,0.1,2.77,0.74,0.05,94644067631.85,493.76,24.34,1929.0
WDC,0.01,0.02,0.92,0.14,-137.51,67.28,['1970'],0.02,0.0784,50.2,0.27,0.87,0.12,,0.02,0.08,0.44,-0.92,0.02,13986647894.48,44.88,35.45,27.0
KSS,0.04,0.11,0.92,0.21,-270.93,10.26,['1988'],0.1,0.0615,11.0,0.16,0.91,0.15,,0.05,0.05,0.48,-1.82,0.05,141713210431.75,1018.36,31.52,3131.0
GM,0.03,0.17,0.94,0.17,11.79,34.08,['1908'],0.12,0.0435,9.33,0.07,0.91,0.08,,0.05,0.08,0.22,0.08,0.05,-507274112730.53,-349.4,39.9,-976.0
MET,0.01,0.09,0.95,0.1,9.34,-1.34,['1863'],0.06,0.0892,16.97,0.1,0.87,0.1,,0.01,0.09,0.3,0.06,0.01,-353240239021.72,-419.94,76.91,-646.0
KHC,-0.02,-0.03,0.95,0.02,-5.44,-25.26,['1869'],-0.04,0.011,-25.0,0.22,0.79,0.37,,-0.02,0.04,0.38,-0.04,-0.02,771195829095.73,630.04,39.83,1482.0
BK,0.01,0.1,0.97,0.1,-3.51,-177.62,['1784'],0.06,0.0611,17.07,0.05,0.71,0.0,,0.05,0.23,0.1,-0.02,0.05,-247401868879.54,-299.58,45.22,-762.0
NAVI,0.01,0.18,0.99,0.26,31.39,18.57,['1973'],0.1,0.0158,10.0,0.92,0.54,0.0,,0.01,0.32,0.33,0.21,0.01,12138356548.38,75.31,16.98,344.0
HPE,0.03,0.08,1.01,0.16,-446.67,-367.15,['1939'],0.07,0.0693,14.89,0.17,0.92,0.13,,0.04,0.12,0.15,-2.99,0.04,45503114904.67,35.18,16.69,111.0
GPN,0.02,0.05,1.09,0.03,32.06,-25.94,['1967'],0.04,0.079,25.4,0.25,0.79,0.19,,0.02,0.11,0.44,0.21,0.02,63893353984.34,220.21,103.08,114.0
STT,0.01,0.11,1.1,0.09,1.89,6.75,['1792'],0.06,0.0841,17.07,0.04,0.71,0.0,,0.07,0.22,0.01,0.01,0.07,-518407294447.43,-1417.85,77.72,-1924.0
EXC,0.02,0.07,1.1,0.04,0.07,-116.32,['1999'],0.06,0.0530999999999999,17.17,0.27,0.88,0.36,,0.02,0.05,0.07,0.0,0.02,-1781412487096.78,-1820.89,41.45,-4493.0
WFC,0.01,0.1,1.11,0.12,147.75,182.11,['1852'],0.06,0.0593,16.97,0.07,0.65,0.0,,0.04,0.26,0.19,0.99,0.04,-1834861596856.22,-460.18,45.94,-1102.0
KEY,0.01,0.12,1.12,0.15,21.9,36.22,['1849'],0.07,0.0679,14.69,0.05,0.57,0.0,,0.06,0.34,0.01,0.15,0.06,,,18.55,
ZION,0.01,0.12,1.13,0.14,22.61,38.64,['1873'],0.07,0.0919,14.89,0.01,0.54,0.0,,0.09,0.35,0.03,0.15,0.09,-74597351265.31,-476.77,52.25,-1012.0
FL,0.09,0.2,1.15,0.22,44.34,23.55,['1879'],0.19,0.0553,6.96,0.05,0.89,0.02,,0.12,0.1,0.46,0.3,0.12,86914881877.58,865.96,40.04,2063.0
F,0.02,0.11,1.15,0.32,-1474.14,6.71,['1903'],0.08,0.069,13.4,0.07,0.92,0.17,,0.03,0.13,0.11,-9.88,0.03,-4.723546961477412e+17,-120333186.39,13.86,-868204908.0
BEN,0.06,0.11,1.17,0.13,50.82,1962.9,['1947'],0.12,0.0732,9.33,0.14,0.75,0.04,,0.07,0.22,1.29,0.34,0.07,43100971941.62,85.89,27.25,215.0
IFF,0.02,0.05,1.19,0.01,-3.61,-34.51,['1833'],0.04,0.0892,25.4,0.27,0.89,0.23,,0.03,0.02,0.2,-0.02,0.03,9422563825.23,37.02,107.97,-66.0
SWK,0.05,0.12,1.2,0.13,41.31,332.73,['1843'],0.11,0.0819,9.99,0.15,0.87,0.09,,0.06,0.11,0.02,0.28,0.06,-9838766096.3,-60.35,81.94,-174.0
LEN,0.08,0.15,1.21,0.17,40.69,4.21,['1954'],0.16,0.1023,7.65,0.12,0.79,0.0,,0.09,0.16,0.68,0.27,0.09,41923048304.86,154.21,88.3,75.0
FITB,0.01,0.12,1.22,0.12,21.82,3856.04,['1858'],0.07,0.0773,14.79,0.05,0.57,0.0,,0.06,0.33,0.02,0.15,0.06,-95447548325.48,-139.85,35.25,-497.0
INTC,0.14,0.26,1.23,0.17,-1.89,27.23,['1968'],0.27,0.0649,5.7,0.2,0.72,0.03,,0.17,0.25,0.18,-0.01,0.17,610601779539.07,150.14,29.41,411.00000000000006
CMA,0.01,0.14,1.24,0.13,24.56,40.26,1849,0.08,0.0727,13.1,0.03,0.54,0.0,,0.08,0.35,0.27,0.16,0.08,-60018619818.61,-457.64,70.12,-753.0
BAC,0.01,0.11,1.24,0.11,13.8,-200.54,['1784'],0.06,0.0647,16.97,0.08,0.64,0.0,,0.05,0.34,0.13,0.09,0.05,-3403257914759.86,-415.84,36.08,-1253.0
RE,0.02,0.08,1.26,0.11,384.29,-42.55,['1973'],0.06,0.0721,17.17,0.07,0.87,0.04,,0.03,0.12,0.19,2.57,0.03,12620186364835.55,320561.52,333.47,96029.0
NWSA,-0.01,-0.01,1.26,0.05,-318.64,-18.82,,-0.02,0.0919,-50.1,0.16,0.9,0.1,,-0.01,0.06,0.52,-2.13,-0.01,12367710013.38,31.48,19.12,65.0
NWS,-0.01,-0.01,1.27,0.05,0.0,-18.82,,-0.02,0.0932,-50.1,0.16,0.0,0.1,,-0.01,0.0,0.52,0.0,-0.01,11782250000.0,59.05,19.43,204.0
GS,0.01,0.14,1.28,0.17,40.47,71.18,['1869'],0.08,0.0455,12.7,0.18,0.53,0.0,,0.02,0.37,0.32,0.27,0.02,-1496813671121.31,-4487.15,380.58,-1279.0
MU,0.1,0.14,1.28,0.14,36.3,1296.31,['1978'],0.17,0.0902,7.38,0.09,0.68,0.02,,0.12,0.28,1.1,0.24,0.12,,,54.68,
RF,0.01,0.11,1.29,0.11,29.84,-8.03,['1971'],0.06,0.0947,17.17,0.01,0.53,0.0,,0.07,0.36,0.01,0.2,0.07,-71725398440.81,-75.24,23.16,-425.0
HBAN,0.01,0.11,1.29,0.06,5.9,-0.55,['1866'],0.06,0.0737,17.07,0.03,0.72,0.0,,0.05,0.22,0.04,0.04,0.05,-74085629563.44,-51.22,15.46,-431.0
CINF,0.06,0.14,1.31,0.17,232.99,-15.54,['1950'],0.13,0.0721,8.99,0.03,0.61,0.01,,0.07,0.31,0.19,1.56,0.07,1507075075838.95,9352.52,110.41,8371.0
AIZ,0.02,0.11,1.31,0.19,92.85,18.73,['1892'],0.08,0.0616,13.2,0.06,0.91,0.12,,0.06,0.13,0.08,0.62,0.06,,,128.48,
KMI,0.02,0.04,1.33,0.04,446.9,-9.81,['1936'],0.04,0.062,25.4,0.44,0.73,0.33,,0.02,0.11,0.2,2.99,0.02,46067796694829.55,20317.19,19.0,106833.0
USB,0.01,0.14,1.33,0.12,9.91,28.43,['1863'],0.08,0.0596,13.0,0.05,0.57,0.0,,0.06,0.34,0.06,0.07,0.06,563289534017.07,379.88,45.64,732.0
XRAY,-0.01,-0.02,1.33,0.06,-288.27,-12.79,['1877'],-0.02,0.0786,-50.1,0.21,0.85,0.09,,-0.01,0.1,0.29,-1.93,-0.01,14721829328.04,67.34,31.68,113.0
HIG,0.03,0.13,1.34,0.09,11.62,-11.55,['1810'],0.1,0.0883,10.9,0.06,0.86,0.06,,0.03,0.11,0.03,0.08,0.03,50500666786.95,148.38,75.84,96.0
MTB,0.01,0.12,1.35,0.09,2.69,56.25,['1856'],0.07,0.0683,14.89,0.02,0.57,0.0,,0.08,0.31,0.01,0.02,0.08,10340644902.6,80.36,169.1,-52.0
PNC,0.01,0.13,1.36,0.08,5.59,9.7,['1852'],0.08,0.0709,13.0,0.04,0.65,0.0,,0.06,0.28,0.02,0.04,0.06,-137886262669.14,-326.25,164.23,-299.0
NWL,-0.1,-0.34,1.36,0.1,-365.15,0.52,['1903'],-0.27,0.0578,-4.7,0.35,0.9,0.24,,-0.12,0.05,0.13,-2.45,-0.12,,,12.99,
TSN,0.08,0.17,1.37,0.13,6.2,-3.62,['1935'],0.16,0.0686,7.45,0.23,0.9,0.09,,0.09,0.06,0.4,0.04,0.09,130574404371.48,445.54,66.02,575.0
KIM,0.05,0.11,1.38,0.06,36.86,1.19,['1991'],0.11,0.1003999999999999,9.79,0.4,0.67,0.45,,0.05,0.62,1.39,0.25,0.05,5132647169.74,8.33,22.61,-63.0
WBA,0.04,0.12,1.39,0.12,146.51,28.67,['1901'],0.1,0.0425,10.8,0.12,0.97,0.12,,0.05,0.03,0.06,0.98,0.05,292473677732.34,338.53,41.48,716.0
ARNC,-0.0,-0.05,1.4,-0.16,32.43,-121.28,['1888'],-0.02,0.0017,-49.8,0.24,0.96,0.3,,0.0,-0.05,0.16,0.22,-0.0,-701275686627.75,-6585.55,23.73,-27852.0
AFL,0.02,0.13,1.42,0.09,16.09,6.59,['1955'],0.08,0.0886999999999999,13.2,0.05,0.75,0.04,,0.03,0.2,0.37,0.11,0.03,14296394033.31,21.61,72.34,-70.0
FOXA,0.07,0.14,1.42,0.07,11.3,14.62,,0.14,0.0658,8.14,0.32,0.82,0.15,,0.08,0.09,2.26,0.08,0.08,94301350779.85,294.37,32.55,803.9999999999999
ARE,0.02,0.05,1.43,0.02,27.38,-17.25,['1994'],0.04,0.0768,25.3,0.29,0.75,0.27,,0.03,0.27,0.48,0.18,0.03,25893208321.99,167.09,153.32,9.0
PHM,0.11,0.22,1.43,0.17,25.4,26.93,['1950'],0.22,0.0978,6.25,0.15,0.82,0.0,,0.14,0.14,0.77,0.17,0.14,15659719554.92,61.85,44.59,39.0
FOX,0.07,0.14,1.43,0.07,11.3,14.62,,0.14,0.0683,8.14,0.32,0.82,0.15,,0.08,0.09,2.26,0.08,0.08,79983814903.94,320.91,30.61,948.0
DXC,-0.03,-0.22,1.43,0.1,-402.08,-565.51,,-0.14,0.0766,-7.74,0.18,0.9,0.13,,-0.05,0.04,0.39,-2.69,-0.05,30030817965.54,119.06,28.86,313.0
PNW,0.03,0.1,1.44,0.07,6.66,-67.53,['1985'],0.08,0.047,13.0,0.31,0.76,0.28,,0.03,0.16,0.01,0.04,0.03,-43602031957.09,-386.48,78.12,-595.0
BWA,0.06,0.13,1.45,0.05,-15.15,-1.24,['1987'],0.12,0.0843,9.13,0.26,0.9,0.06,,0.08,0.04,0.48,-0.1,0.08,9937330709.53,41.45,42.68,-3.0
O,0.02,0.03,1.47,0.01,0.51,-10.6,['1994'],0.04,0.0771999999999999,25.3,0.33,0.54,0.34,,0.02,0.17,0.16,0.0,0.02,33009374591.18,58.34,62.9,-7.000000000000001
PFG,0.01,0.11,1.5,0.07,4.27,19.89,['1879'],0.06,0.0901,17.17,0.01,0.85,0.0,,0.01,0.12,0.69,0.03,0.01,-207378771046.5,-782.36,92.18,-949.0
CB,0.03,0.09,1.52,0.09,44.48,-20.34,['1985'],0.08,0.052,13.2,0.08,0.81,0.06,,0.06,0.21,0.02,0.3,0.06,5725135303225.51,13291.36,219.16,5965.0
ALK,0.01,-0.01,1.53,0.08,-110.77,-187.96,['1932'],0.0,0.0798,inf,0.16,1.04,-0.46,,0.01,0.08,0.12,-0.74,0.01,15853357874.6,126.51,46.7,171.0
SYF,0.03,0.22,1.54,0.22,58.68,9.82,['1932'],0.14,0.0953999999999999,7.84,0.14,0.41,0.0,,0.1,0.45,0.12,0.39,0.1,91907106233.68,167.94,35.3,376.0
IP,0.05,0.17,1.54,0.12,54.57,9.31,['1898'],0.14,0.0629,8.24,0.21,0.91,0.26,,0.06,0.09,0.31,0.37,0.06,,,37.1,
PPL,0.02,0.07,1.54,-0.07,-73.68,-109.24,['1920'],0.06,0.0608999999999999,17.27,0.32,0.74,0.62,,0.02,-0.26,1.54,-0.49,0.02,9109251657.95,12.13,29.18,-57.99999999999999
JPM,0.01,0.15,1.55,0.12,19.36,-8.63,['1799'],0.08,0.0617,12.9,0.08,0.54,0.0,,0.06,0.37,0.23,0.13,0.06,3578602060310.03,1210.92,135.16,796.0
FTI,-0.09,-0.32,1.56,0.0,-12.87,-83.43,['1884'],-0.25,0.1003999999999999,-5.7,0.16,0.98,1.56,,-0.16,0.0,0.34,-0.09,-0.16,5666858942.62,12.57,12.89,-2.0
EQT,-0.07,-0.14,1.56,-0.08,-15.64,-59.08,['1878'],-0.14,0.0943,-7.94,0.21,1.15,-0.31,,-0.08,-0.17,0.02,-0.1,-0.08,2743677591.28,7.26,39.93,-82.0
DUK,0.02,0.06,1.58,0.05,53.71,42.18,['1904'],0.05,0.0504999999999999,20.4,0.35,0.76,0.39,,0.02,0.16,0.02,0.36,0.02,-3104476442944.4,-4035.23,99.52,-4155.0
TRV,0.03,0.11,1.58,0.08,14.19,-15.46,['1853'],0.08,0.0819999999999999,13.2,0.06,0.86,0.07,,0.07,0.11,0.01,0.1,0.07,148316211768.37,602.89,189.54,218.00000000000003
PCG,-0.05,-0.52,1.61,-0.0,-54.43,105.83,['1905'],-0.31,0.0634,-4.13,0.37,0.85,0.51,,-0.08,-0.0,0.02,-0.36,-0.08,-507606370888.02,-255.67,15.66,-1732.9999999999998
VTR,0.01,0.03,1.62,0.0,-27.22,16.93,,0.02,0.0864,50.3,0.49,0.83,0.7,,0.01,0.01,0.13,-0.18,0.01,10393067736.75,26.04,46.24,-44.0
NEM,0.05,0.08,1.63,0.03,221.55,-22.61,['1916'],0.09,0.0528,11.91,0.14,0.83,0.13,,0.05,0.1,1.88,1.48,0.05,1438363443134.55,1803.74,48.67,3606.0
CMCSA,0.05,0.15,1.63,0.09,8.8,-8.6,['1963'],0.12,0.121,9.13,0.35,0.82,0.21,,0.05,0.12,0.3,0.06,0.05,104509406545.76,22.92,35.86,-36.0
MS,0.01,0.13,1.64,0.09,20.56,-172.09,['1924'],0.08,0.0483,12.7,0.18,0.61,0.0,,0.02,0.25,0.26,0.14,0.02,267029665725.22,148.81,92.1,62.0
ALL,0.03,0.15,1.66,0.04,22.7,1.18,['1931'],0.1,0.064,10.8,0.08,0.86,0.05,,0.06,0.03,0.01,0.15,0.06,284350019375.91,991.89,130.85,658.0
ED,0.02,0.07,1.66,0.04,0.47,20.07,['1823'],0.06,0.0461,17.17,0.36,0.8,0.35,,0.02,0.1,0.18,0.0,0.02,-98357034924.08,-278.04,97.35,-386.0
UHS,0.07,0.15,1.69,0.1,8.47,1878.36,['1978'],0.15,0.0816,7.67,0.31,0.89,0.06,,0.08,0.08,0.06,0.06,0.08,-5830507151.48,-79.74,129.35,-162.0
EIX,0.01,0.04,1.69,0.03,-147.76,-24.89,['1886'],0.03,0.061,33.73,0.32,0.79,0.34,,0.01,0.05,0.05,-0.99,0.01,-583284272727.27,-1535.33,65.37,-2449.0
MOS,0.02,0.04,1.7,0.09,-114.9,-184.86,,0.04,0.1058,25.4,0.15,0.78,0.07,,0.02,0.13,0.16,-0.77,0.02,5473081715.34,14.78,49.31,-70.0
NDAQ,0.05,0.14,1.72,0.1,38.92,1.3,['1971'],0.12,0.0842,9.13,0.24,0.72,0.08,,0.07,0.2,0.05,0.26,0.07,15757959215.94,94.23,68.98,37.0
CVS,0.02,0.08,1.72,0.06,-399.48,-23.87,['1963'],0.06,0.0512,17.17,0.22,0.95,0.18,,0.03,0.03,0.14,-2.68,0.03,13557869538693.85,10270.65,102.58,9912.0
NTRS,0.01,0.14,1.73,0.08,1.57,15.51,['1889'],0.08,0.0649,13.1,0.02,0.69,0.0,,0.08,0.24,0.02,0.01,0.08,-82793681440.62,-398.7,91.66,-535.0
NOV,-0.19,-0.33,1.75,-0.03,6470.94,201.36,['1862'],-0.36,0.1255,-5.38,0.18,1.02,-0.57,,-0.23,-0.05,0.83,43.36,-0.23,-8.828523143229572e+21,-22597143384634.37,22.55,-100209061572758.0
CNC,0.03,0.08,1.79,0.03,19.38,-22.96,['1984'],0.07,0.0549,14.79,0.23,0.97,0.18,,0.04,0.01,0.51,0.13,0.04,655066461240.95,1122.64,85.79,1209.0
DLR,0.02,0.06,1.82,0.05,138.7,-6.51,,0.05,0.046,20.4,0.37,0.83,0.39,,0.03,0.39,0.07,0.93,0.03,135906237554.77,478.9,110.85,332.0
WHR,0.05,0.23,1.82,0.2,-226.78,-26.13,['1911'],0.16,0.076,7.15,0.24,0.89,0.08,,0.08,0.08,0.36,-1.52,0.08,51235907236.12,843.49,146.12,477.0
REG,0.02,0.04,1.84,0.03,206.66,-0.53,,0.04,0.0926,25.4,0.34,0.59,0.3,,0.02,0.3,0.32,1.38,0.02,95894258197.02,560.09,65.81,751.0
FDX,0.03,0.12,1.84,0.08,139.35,-65.19,['1971'],0.09,0.0641,11.71,0.23,0.94,0.11,,0.04,0.04,0.48,0.93,0.04,331062443398.03,1249.44,181.41,589.0
M,-0.01,-0.22,1.87,0.2,-328.22,30.96,['1830'],-0.12,0.0877,-8.63,0.19,0.91,0.11,,-0.02,0.06,0.32,-2.2,-0.02,51442413305.49,171.89,23.46,633.0
ES,0.03,0.08,1.89,0.04,7.28,5.25,,0.07,0.0496999999999999,14.79,0.36,0.79,0.28,,0.03,0.12,0.01,0.05,0.03,-83618427420.31,-243.21,83.71,-391.0
BXP,0.03,0.11,1.89,0.05,4.9,0.52,,0.08,0.0629,13.0,0.58,0.66,0.43,,0.03,0.18,0.74,0.03,0.03,75805520437.58,485.29,70.71,586.0
ZBH,0.01,0.02,1.89,0.02,-299.94,11.43,['1927'],0.02,0.0802,50.3,0.23,0.83,0.16,,0.01,0.05,0.14,-2.01,0.01,24839998306.74,118.9,122.97,-3.0
D,0.02,0.07,1.89,0.07,-364.66,-183.13,['1983'],0.06,0.0511,17.07,0.38,0.68,0.3,,0.02,0.24,0.03,-2.44,0.02,,,60.47,
HP,-0.02,-0.04,1.9,-0.06,409.42,185.34,['1920'],-0.04,0.1232,-25.3,0.11,1.29,-0.07,,-0.03,-0.27,1.06,2.74,-0.03,-3296829106000.59,-30525.63,50.72,-60285.0
UAA,-0.01,-0.03,1.9,0.08,-386.86,49.19,['1996'],-0.02,0.0973,-50.0,0.13,0.91,0.08,,-0.01,0.06,1.15,-2.59,-0.01,9445827252.69,50.07,10.14,394.0
SRCL,-0.03,-0.07,1.91,-0.01,-31.08,-0.49,['1989'],-0.06,0.0648,-16.87,0.29,0.91,0.31,,-0.03,-0.01,0.08,-0.21,-0.03,10135157698.56,110.33,53.82,105.0
DHI,0.13,0.2,1.93,0.14,44.47,81.6,['1978'],0.23,0.1151,6.15,0.16,0.81,0.0,,0.15,0.15,0.79,0.3,0.15,523812782.41,1.47,86.33,-98.0
NI,0.01,0.04,1.93,0.05,-1461.67,140.77,1847,0.03,0.0452,33.63,0.37,0.79,0.33,,0.01,0.12,0.03,-9.79,0.01,-1.7624967222960716e+16,-44880935.01,27.57,-162789128.0
SJM,0.04,0.09,1.94,0.04,12.01,10.89,1897,0.08,0.0416,13.1,0.27,0.85,0.14,,0.05,0.08,0.09,0.08,0.05,27546023935.99,254.2,154.45,65.0
COTY,-0.07,-0.29,1.95,0.04,-127.44,-186.84,['1904'],-0.22,0.099,-5.25,0.36,0.94,0.79,,-0.08,0.05,0.09,-0.85,-0.08,3020085775.53,3.69,8.07,-54.0
GPS,0.03,0.06,1.95,0.05,-164.32,-162.07,['1969'],0.06,0.0794,17.47,0.12,0.95,0.2,,0.04,0.02,0.22,-1.1,0.04,-5931857142.86,-15.89,14.85,-207.0
UA,-0.01,-0.03,1.97,0.08,-386.86,49.19,['1996'],-0.02,0.0969,-50.0,0.13,0.91,0.08,,-0.01,0.06,1.15,-2.59,-0.01,9553572059.11,37.76,8.88,325.0
VZ,0.06,0.28,1.98,0.14,13.47,-0.91,['1983'],0.2,0.0365,5.8,0.39,0.78,0.12,,0.07,0.17,0.06,0.09,0.07,796408389275.87,189.72,38.18,397.0
CAG,0.04,0.11,1.99,0.05,15.61,13.5,['1919'],0.1,0.0494,10.7,0.36,0.85,0.22,,0.05,0.08,0.02,0.1,0.05,16230102990.56,33.83,38.12,-11.0
EMN,0.05,0.14,2.0,0.07,4.18,-1.51,['1920'],0.12,0.0911,9.23,0.28,0.82,0.11,,0.06,0.08,0.15,0.03,0.06,17531574826.31,130.4,87.52,49.0
DIS,0.05,0.09,2.0,0.01,-102.61,165.7,['1923'],0.1,0.0978,10.8,0.24,0.95,0.44,,0.05,0.03,0.51,-0.69,0.05,-71364537101.68,-39.26,99.43,-139.0
HST,0.03,0.04,2.01,-0.0,-97.81,-236.1,,0.05,0.0834,20.3,0.4,1.04,-1.53,,0.03,-0.0,9.49,-0.66,0.03,3268640367.69,4.58,18.57,-75.0
SRE,0.03,0.11,2.02,0.02,40.63,-29.06,['1998'],0.08,0.0655999999999999,13.2,0.28,0.78,0.43,,0.04,0.1,0.06,0.27,0.04,-123507869326.56,-386.76,165.93,-333.0
PEG,0.02,0.07,2.03,-0.02,-34.59,-222.74,['1985'],0.06,0.0528,17.07,0.31,0.78,0.27,,0.03,-0.07,0.12,-0.23,0.03,-403196573089.92,-797.36,60.92,-1409.0
KMX,0.04,0.22,2.05,0.1,14.56,-135.22,['1993'],0.15,0.0584999999999999,7.07,0.69,0.95,0.06,,0.04,0.03,0.05,0.1,0.04,-373758750023.89,-2308.98,69.59,-3418.0
ETR,0.02,0.11,2.05,0.05,12.89,-21.93,['1913'],0.08,0.0562,13.0,0.42,0.83,0.43,,0.02,0.1,0.07,0.09,0.02,-733510648188.85,-3649.65,115.91,-3249.0
AEP,0.03,0.1,2.06,0.05,9.16,-23.92,['1906'],0.08,0.051,13.1,0.36,0.79,0.34,,0.03,0.15,0.03,0.06,0.03,-2890590378118.22,-5823.22,95.12,-6222.0
SIG,-0.0,0.0,2.1,0.24,-1798.53,-6.21,,0.0,0.1167,inf,0.02,0.88,0.02,,0.0,0.1,0.68,-12.05,-0.0,-9.546809504452589e+16,-1814179176.23,61.47,-2951324610.0
SSNC,0.03,0.09,2.11,0.06,131.81,-19.52,['1986'],0.08,0.0896,13.0,0.34,0.75,0.16,,0.04,0.16,0.15,0.88,0.04,50089796040.29,197.0,53.49,268.0
MDT,0.05,0.09,2.11,0.05,6.15,0.84,['1949'],0.1,0.0641,10.8,0.22,0.79,0.08,,0.06,0.16,0.3,0.04,0.06,407793797132.07,303.29,79.62,281.0
FISV,0.04,0.15,2.12,0.02,7.25,-21.03,['1984'],0.12,0.0755,9.13,0.27,0.86,0.3,,0.05,0.08,0.05,0.05,0.05,73345381937.54,111.09,105.46,5.0
LUV,0.03,0.06,2.15,0.04,-124.04,-157.46,['1967'],0.06,0.0661,17.17,0.27,1.07,-0.37,,0.05,0.06,1.36,-0.83,0.05,92202695839.96,155.77,39.75,292.0
EQR,0.05,0.09,2.16,0.06,29.2,2.88,,0.1,0.0728,10.7,0.38,0.75,0.45,,0.05,0.54,0.17,0.2,0.05,48673595893.88,129.79,64.11,102.0
AVB,0.05,0.08,2.16,0.04,2.43,2.99,,0.09,0.0776999999999999,11.71,0.41,0.73,0.35,,0.05,0.43,0.65,0.02,0.05,36415998887.05,260.6,172.57,51.0
CNP,0.01,0.06,2.18,0.08,-125.01,-64.11,['1866'],0.04,0.0664,25.3,0.41,0.84,0.39,,0.01,0.18,0.05,-0.84,0.01,-229428633951.03,-364.83,30.67,-1290.0
COO,0.11,0.16,2.19,0.18,439.96,-59.01,['1958'],0.19,0.0802,6.76,0.15,0.79,0.04,,0.12,1.01,0.13,2.95,0.12,61893258884735.36,1252697.11,322.32,388550.0
MRO,0.01,0.02,2.19,0.04,-207.9,33.57,['1887'],0.02,0.1667,50.3,0.23,0.8,0.18,,0.01,0.17,0.35,-1.39,0.01,13423362418.97,17.24,29.74,-42.0
LH,0.07,0.16,2.2,0.1,44.96,-28.54,['1994'],0.15,0.0828,7.77,0.27,0.78,0.06,,0.09,0.15,0.53,0.3,0.09,77916335110.73,814.17,241.57,237.0
ADI,0.06,0.1,2.2,0.02,-2.03,-1.67,['1965'],0.11,0.0901,10.09,0.12,0.71,0.09,,0.06,0.19,0.71,-0.01,0.06,48479956001.56,92.28,168.63,-45.0
CI,0.03,0.11,2.22,0.05,40.9,-5.7,['1792'],0.08,0.0626,13.1,0.2,0.95,0.16,,0.05,0.03,0.12,0.27,0.05,401481248018.19,1211.37,327.2,270.0
WY,0.06,0.1,2.23,0.11,-343.91,-25.0,['1900'],0.11,0.1049,9.99,0.29,0.65,0.09,,0.06,0.26,1.97,-2.3,0.06,51688685042.37,69.01,32.42,113.0
FLS,0.03,0.09,2.26,0.03,26.57,-9.72,['1912'],0.08,0.0986,13.2,0.26,0.92,0.2,,0.04,0.04,0.58,0.18,0.04,1345486448.17,10.33,32.01,-68.0
AMG,0.03,0.09,2.27,0.0,424.71,-2.03,['1993'],0.08,0.0868999999999999,13.1,0.28,0.63,0.12,,0.03,0.23,1.66,2.85,0.03,9136192664506.28,224745.4,162.48,138222.0
TXT,0.05,0.14,2.28,0.05,15.34,-1.37,['1923'],0.12,0.1002,9.23,0.2,0.92,0.12,,0.07,0.06,0.57,0.1,0.07,16813509145.73,76.28,71.3,7.000000000000001
QRVO,0.08,0.12,2.3,0.1,103.81,-7.03,['1957'],0.14,0.105,8.24,0.27,0.72,0.05,,0.09,0.22,1.44,0.7,0.09,25834251703.87,234.38,97.19,141.0
AEE,0.03,0.1,2.3,0.04,6.82,-45.5,['1881'],0.08,0.0495,13.0,0.35,0.76,0.26,,0.03,0.16,0.0,0.05,0.03,-102903566052.78,-399.46,88.04,-554.0
LNT,0.03,0.11,2.31,0.05,8.78,24.5,['1981'],0.08,0.0584999999999999,13.1,0.36,0.79,0.37,,0.04,0.18,0.02,0.06,0.04,,,54.8,
CHK,-0.23,0.73,2.32,0.53,886.37,-1055.09,['1989'],0.13,0.011,8.69,0.21,0.89,0.1,,-0.51,0.87,0.37,5.94,-0.51,,,101.75,
CME,0.02,0.08,2.32,0.04,10.85,0.94,['1898'],0.06,0.0703,17.27,0.01,0.44,0.06,,0.06,0.56,0.02,0.07,0.06,,,176.63,
ESS,0.04,0.08,2.32,0.03,9.32,-2.3,,0.08,0.0711,13.1,0.48,0.68,0.41,,0.04,0.31,0.11,0.06,0.04,38163849463.92,586.34,217.72,169.0
GLW,0.04,0.1,2.33,0.07,71.89,300.3,1851,0.09,0.0798,11.81,0.23,0.84,0.13,,0.04,0.14,0.45,0.48,0.04,52550634934.24,61.58,34.0,81.0
LYB,0.12,0.38,2.34,0.2,69.76,9.82,,0.31,0.0793,5.03,0.31,0.84,0.07,,0.14,0.12,0.2,0.47,0.14,202449121620.71,608.35,84.9,617.0
GE,-0.03,-0.22,2.34,-0.07,-168.86,32.65,['1892'],-0.14,0.079,-7.74,0.15,0.96,0.69,,-0.03,-0.09,0.26,-1.13,-0.03,-83181241379.31,-75.75,86.88,-187.0
XEL,0.03,0.1,2.37,0.04,8.19,-17.46,['1909'],0.08,0.0513999999999999,13.1,0.38,0.84,0.39,,0.03,0.12,0.03,0.05,0.03,-1583125093284.28,-2938.92,69.14,-4351.0
ADM,0.04,0.09,2.39,0.05,19.19,-24.62,['1902'],0.08,0.0711,13.2,0.14,0.97,0.09,,0.06,0.03,0.04,0.13,0.06,237494529803.12,424.52,91.71,363.0
JNPR,0.04,0.08,2.4,0.02,-22.13,12.98,['1996'],0.08,0.0831,13.1,0.19,0.91,0.12,,0.05,0.05,0.49,-0.15,0.05,14146304545.28,43.5,32.86,32.0
PKI,0.06,0.12,2.41,0.05,81.7,-42.25,['1937'],0.12,0.0844999999999999,9.13,0.33,0.7,0.05,,0.07,0.19,0.51,0.55,0.07,37712898543.55,298.83,139.23,115.0
AIV,-0.0,0.0,2.43,-0.0,-610.54,-50.92,,0.0,0.0072,-inf,0.49,1.09,-3.61,,0.0,-0.03,2.59,-4.09,-0.0,-27094077550.66,-177.97,8.25,-2257.0
IR,0.03,0.08,2.43,0.03,-650.35,7.22,['1859'],0.07,0.1093,14.89,0.22,0.88,0.14,,0.04,0.11,1.44,-4.36,0.04,-1340901616870.8,-3289.87,54.55,-6131.0
CRM,0.03,0.05,2.49,0.01,992.85,-18.8,['1999'],0.06,0.0977,17.17,0.11,0.98,0.37,,0.04,0.05,0.25,6.65,0.04,9415953214075744.0,9559343.36,144.56,6612617.0
PSX,0.03,0.05,2.49,0.03,-135.79,30.89,['1875'],0.06,0.1036999999999999,17.17,0.23,0.99,0.92,,0.03,0.01,0.25,-0.91,0.03,44854122936.23,102.36,106.66,-4.0
SO,0.03,0.11,2.5,0.03,18.48,22.4,['1945'],0.08,0.053,13.0,0.39,0.82,0.45,,0.03,0.1,0.16,0.12,0.03,-473561885636.39,-446.84,67.34,-764.0
DTE,0.03,0.11,2.51,0.04,-4.1,-16.77,['1903'],0.08,0.0559,13.0,0.37,0.9,0.42,,0.03,0.06,0.0,-0.03,0.03,-156375138097.82,-807.19,115.06,-802.0
CVX,0.03,0.05,2.51,0.04,-250.58,210.93,['1879'],0.06,0.1054,17.17,0.13,0.9,0.04,,0.03,0.1,0.21,-1.68,0.03,300022798202.64,155.64,181.03,-14.000000000000002
FTV,0.1,0.2,2.53,0.02,-6.2,14.6,,0.2,0.0886,6.8,0.11,0.83,0.12,,0.12,0.12,0.22,-0.04,0.12,17895664254.21,49.91,68.24,-27.0
FE,0.03,0.16,2.54,0.05,1.62,5.93,['1996'],0.11,0.0509,9.69,0.49,0.8,0.5,,0.03,0.12,0.33,0.01,0.03,390452573048.98,684.78,41.52,1549.0
PLD,0.04,0.07,2.55,0.03,29.32,-15.07,,0.08,0.0793,13.1,0.3,0.61,0.13,,0.04,0.57,0.36,0.2,0.04,84343776716.46,114.08,116.94,-2.0
DFS,0.03,0.27,2.57,0.18,108.0,-5.0,['1960'],0.16,0.086,7.05,0.12,0.39,0.0,,0.1,0.46,0.1,0.72,0.1,152567732484.17,520.57,105.4,394.0
CTSH,0.11,0.16,2.58,0.06,5.59,2.89,['1994'],0.19,0.0932,7.06,0.04,0.85,0.0,296.0,0.14,0.12,0.51,0.04,0.14,48443064742.74,92.23,62.39,48.0
ICE,0.02,0.13,2.61,0.07,33.19,-6.57,,0.08,0.0825999999999999,13.1,0.06,0.5,0.12,,0.08,0.57,0.0,0.22,0.08,-72753620018.13,-129.13,109.25,-218.00000000000003
PXD,0.04,0.05,2.61,0.04,-435.28,-158.62,['1997'],0.06,0.1165,17.17,0.18,0.76,0.04,,0.04,0.12,0.94,-2.92,0.04,7870890295.63,32.24,239.41,-87.0
NRG,0.13,0.84,2.63,0.22,598.76,191.54,['1989'],0.55,0.071,3.92,0.34,0.86,0.13,,0.16,0.08,0.03,4.01,0.16,,,41.25,
JCI,0.06,0.13,2.67,0.03,77.66,43.4,['1885'],0.12,0.086,9.23,0.18,0.86,0.07,,0.07,0.07,0.15,0.52,0.07,40415298286.34,57.38,68.12,-16.0
PDCO,-0.02,-0.07,2.67,0.07,-299.96,-61.22,['1877'],-0.06,0.0899,-17.07,0.18,0.97,0.02,,-0.03,0.03,0.14,-2.01,-0.03,-28530329369.29,-292.63,29.3,-1099.0
HOG,0.04,0.2,2.68,0.09,16619.64,10.82,['1903'],0.14,0.0533,8.34,0.07,0.84,0.04,,0.05,0.12,0.32,111.35,0.05,1.7501023516947966e+26,1.137338551363674e+18,47.65,2.3868594991892424e+18
HAS,0.04,0.13,2.7,0.05,57.18,-15.8,['1923'],0.11,0.0564,9.79,0.38,0.86,0.2,,0.05,0.07,0.4,0.38,0.05,106425294169.97,771.49,63.31,1119.0
RJF,,0.15,2.7,0.06,19.39,,['1962'],,0.0933,,,0.82,0.0,,,0.14,,0.13,,,,119.16,
CMS,0.03,0.16,2.72,0.08,31.25,84.41,['1987'],0.11,0.0483,9.69,0.42,0.82,0.38,,0.03,0.18,0.21,0.21,0.03,-31971094498.78,-110.36,60.52,-282.0
LKQ,0.06,0.13,2.74,0.07,33.85,-20.36,['1998'],0.12,0.0923,9.23,0.22,0.89,0.05,,0.07,0.08,0.13,0.23,0.07,20728367838.76,71.11,55.06,29.0
MGM,0.02,0.1,2.76,0.07,-10.95,-179.51,['1986'],0.07,0.0846,14.79,0.29,0.94,1.35,,0.02,0.13,1.37,-0.07,0.02,-7937327916.43,-16.93,37.08,-146.0
NCLH,-0.09,-0.62,2.76,-0.65,-173.87,25.87,['1966'],-0.4,0.1809,-2.7,0.62,4.94,-0.25,,-0.1,-6.95,0.4,-1.16,-0.1,-42132898229.95,-101.06,16.54,-711.0
DGX,0.1,0.2,2.79,0.11,40.92,-21.08,['1967'],0.2,0.0837,6.3,0.29,0.77,0.06,,0.11,0.18,0.5,0.27,0.11,52066725591.7,424.43,150.46,182.0
WEC,0.03,0.11,2.8,0.04,7.08,-29.69,['1981'],0.08,0.0487999999999999,13.0,0.35,0.79,0.26,,0.04,0.16,0.0,0.05,0.04,-37019293562.88,-117.36,96.06,-222.00000000000003
UAL,-0.01,-0.28,2.8,-0.14,-121.78,4799.1,['1968'],-0.15,0.0581,-6.47,0.45,1.18,-0.36,,-0.01,-0.08,1.0,-0.82,-0.01,-68331185621.03,-211.02,43.89,-581.0
XOM,0.03,0.04,2.8,0.05,-163.45,-68.37,['1870'],0.05,0.092,20.4,0.12,0.9,0.04,,0.03,0.08,0.12,-1.1,0.03,730979000000.0,172.66,109.86,56.99999999999999
LEG,0.07,0.23,2.82,0.09,14.09,59.01,['1883'],0.18,0.0836,6.56,0.34,0.89,0.14,,0.09,0.08,0.27,0.09,0.09,1611343227.49,12.08,35.31,-66.0
BDX,0.02,0.05,2.83,0.03,135.57,-16.71,['1897'],0.04,0.0533,25.3,0.32,0.83,0.14,,0.02,0.1,0.34,0.91,0.02,1141944535742.69,4006.22,252.38,1487.0
FBHS,0.08,0.2,2.83,0.09,26.19,2.32,['1988'],0.18,0.0967,6.76,0.29,0.85,0.08,,0.1,0.1,0.24,0.18,0.1,,,63.58,
MPC,0.01,0.02,2.83,0.13,-225.62,-502.27,['1887'],0.02,0.0966,50.3,0.29,0.97,0.34,,0.02,0.08,0.3,-1.51,0.02,6085994257.56,9.89,118.23,-92.0
GRMN,0.14,0.18,2.85,0.06,16.82,9.15,['1989'],0.23,0.0679,6.65,0.0,0.76,0.0,,0.17,0.22,1.03,0.11,0.17,39993975729.61,207.95,94.32,120.0
EBAY,0.25,1.0,2.86,0.48,109.34,-0.1,['1995'],0.75,0.0882,5.63,0.29,0.72,0.09,,0.31,1.31,0.3,0.73,0.31,251129107271.57,401.16,45.2,788.0
SWKS,0.18,0.23,2.87,0.1,24.09,-7.58,['1962'],0.3,0.0915,5.43,0.26,0.67,0.01,,0.19,0.29,1.34,0.16,0.19,26172784244.58,158.25,93.96,68.0
BLK,0.03,0.14,2.88,0.05,11.27,-13.21,['1988'],0.1,0.1031,10.9,0.04,0.61,0.03,,0.03,0.3,0.74,0.08,0.03,-22273053837.61,-146.61,712.98,-121.0
RCL,-0.05,-0.34,2.94,-0.34,-138.02,-66.53,['1968'],-0.22,0.1186,-4.45,0.57,3.47,-0.34,,-0.06,-3.43,0.37,-0.92,-0.06,,,60.51,
RL,0.05,0.12,2.94,0.07,-245.96,16.03,['1967'],0.11,0.0818,9.99,0.15,0.87,0.07,,0.06,0.1,0.83,-1.65,0.06,12938384646.62,265.48,115.56,130.0
AAP,0.05,0.15,2.95,0.06,13.7,-8.74,['1929'],0.12,0.0871,9.33,0.08,0.92,0.04,,0.08,0.06,0.12,0.09,0.08,14404943838.62,231.01,153.03,51.0
PX,0.04,0.25,3.01,0.01,44.16,-8.64,['1992'],0.16,0.0086,7.55,0.31,0.7,0.5,,0.04,0.06,2.36,0.3,0.04,,,10.55,
VLO,0.02,0.06,3.02,0.02,-115.51,-227.37,1980,0.05,0.105,20.5,0.19,0.98,0.27,,0.03,0.01,0.24,-0.77,0.03,40609275745.25,99.33,127.07,-22.0
SNA,0.12,0.2,3.03,0.06,7.76,-5.57,['1920'],0.22,0.0881,6.75,0.0,0.75,0.05,,0.14,0.18,0.79,0.05,0.14,22313298622.23,416.8,244.96,70.0
NLSN,0.0,-0.04,3.03,0.1,-5430.09,20.11,['1923'],-0.02,0.011,-49.8,0.51,0.75,0.32,,0.0,0.28,0.58,-36.38,0.0,-1.1338671548979256e+22,-31590466296086.74,27.98,-112903739442869.0
NUE,0.13,0.23,3.04,0.15,252.31,-17.85,['1958'],0.24,0.1107,6.07,0.19,0.75,0.02,,0.15,0.19,0.46,1.69,0.15,4288562347405.12,15005.52,154.2,9631.0
DRE,0.05,0.09,3.04,0.05,55.36,-8.92,,0.1,0.0735,10.7,0.35,0.68,0.24,,0.05,0.76,0.32,0.37,0.05,26140972863.35,68.64,48.2,42.0
PNR,0.09,0.19,3.07,0.07,19.14,-5.73,['1966'],0.18,0.096,6.86,0.19,0.83,0.02,,0.12,0.15,0.09,0.13,0.12,10518602114.08,63.56,46.65,36.0
TROW,0.23,0.31,3.07,0.11,19.08,-19.83,['1937'],0.38,0.1139,6.43,0.0,0.51,0.0,,0.26,0.4,0.92,0.13,0.26,50556663608.19,220.58,126.01,75.0
BAX,0.06,0.15,3.08,0.05,-2.88,-1.23,['1931'],0.14,0.0455,7.74,0.51,0.84,0.1,,0.07,0.1,0.7,-0.02,0.07,42207856984.91,84.3,53.22,57.99999999999999
MAA,0.03,0.06,3.09,0.03,46.72,-6.38,,0.06,0.0764,17.17,0.39,0.74,0.34,,0.03,0.3,0.08,0.31,0.03,31056354729.32,269.73,164.26,64.0
PCAR,0.07,0.2,3.17,0.05,1.93,42.13,['1905'],0.17,0.0619,7.58,0.0,0.9,0.0,,0.1,0.08,0.38,0.01,0.1,31311496972.89,90.19,105.79,-15.0
HSIC,0.07,0.18,3.2,0.05,14.7,-0.52,['1932'],0.16,0.0767,7.55,0.1,0.93,0.03,,0.1,0.05,0.05,0.1,0.1,19952116216.28,143.88,83.29,73.0
MDLZ,0.06,0.14,3.25,0.05,9.96,-3.49,,0.13,0.061,8.59,0.26,0.83,0.07,,0.08,0.15,0.25,0.07,0.08,265486900497.84,190.32,68.31,179.0
AKAM,0.07,0.12,3.26,0.04,31.24,-6.63,['1998'],0.13,0.0674,8.69,0.24,0.77,0.09,,0.08,0.19,0.68,0.21,0.08,61790025774.83,380.29,93.79,305.0
SCHW,0.01,0.15,3.27,0.04,24.05,164.67,['1971'],0.08,0.0894,13.1,0.03,0.56,0.0,,0.09,0.32,0.11,0.16,0.09,-575961296513.14,-317.98,82.46,-486.00000000000006
ILMN,0.1,0.16,3.27,0.02,0.98,53.12,['1998'],0.18,0.0994999999999999,7.16,0.11,0.86,0.09,,0.12,0.17,1.13,0.01,0.12,,,218.76,
HBI,0.04,0.28,3.29,0.03,-101.15,9.49,['1901'],0.18,0.0567999999999999,6.26,0.47,0.87,0.18,,0.05,0.01,0.23,-0.68,0.05,79196330137.53,226.79,6.72,3275.0
ATVI,0.1,0.14,3.31,0.05,16.78,-10.41,,0.17,0.0525,7.38,0.14,0.62,0.03,,0.11,0.31,4.32,0.11,0.11,973813448405.35,1250.26,75.76,1550.0
HII,0.09,0.36,3.32,0.06,-9.8,15.06,['1886'],0.27,0.0584999999999999,5.1,0.31,0.93,0.13,,0.12,0.06,0.26,-0.07,0.12,45219199765.84,1128.76,240.68,369.0
TRIP,-0.02,-0.08,3.34,-0.05,-122.22,-265.73,,-0.06,0.1009,-16.77,0.36,1.15,-0.34,,-0.02,-0.16,2.03,-0.82,-0.02,-386051182.31,-3.08,20.31,-115.0
ASTS,-0.24,4.17,3.36,-0.1,97.77,-64.32,,1.84,0.0121999999999999,,0.01,7.99,,,-0.27,-2.46,15.05,0.66,-0.27,-23011256709.68,-444.83,5.82,-7743.000000000001
MLM,0.06,0.11,3.41,0.03,15.15,-25.61,['1939'],0.12,0.0755,9.13,0.35,0.8,0.14,,0.06,0.14,0.34,0.1,0.06,21801562427.56,349.49,365.73,-4.0
FLR,-0.07,-0.43,3.41,-0.09,-349.24,-173.62,['1912'],-0.29,0.1341999999999999,-4.75,0.16,0.98,0.39,,-0.15,-0.04,0.57,-2.34,-0.15,-6392848970.09,-45.21,35.66,-227.0
HCP,-0.19,0.37,3.43,-0.06,151.95,-27.68,,-0.01,0.0037,-100.1,0.0,1.87,0.0,,-0.32,-0.9,4.39,1.02,-0.32,-54864881715.72,-3585.94,27.45,-13163.999999999998
AYI,0.09,0.16,3.43,0.06,7.96,20.64,,0.17,0.1172,7.28,0.14,0.87,0.05,,0.12,0.1,0.3,0.05,0.12,2576393442.85,73.64,189.0,-61.0
APTV,0.07,0.22,3.43,0.02,2.57,10.04,,0.18,0.123,6.86,0.22,0.92,0.12,353.0,0.1,0.04,0.75,0.02,0.1,-767904959.68,-2.84,103.73,-103.0
PKG,0.09,0.22,3.46,0.06,14.34,11.66,['1867'],0.2,0.0682,6.3,0.32,0.83,0.07,,0.11,0.11,0.7,0.1,0.11,24264244746.21,255.44,137.82,85.0
FRT,0.04,0.11,3.47,0.03,27.35,6.66,['1962'],0.1,0.0861,10.6,0.53,0.68,0.42,,0.04,0.27,0.48,0.18,0.04,6737629664.07,86.61,109.44,-21.0
PFE,0.09,0.21,3.5,0.08,46.94,-13.78,['1849'],0.2,0.0754,6.5,0.2,0.67,0.05,,0.11,0.27,0.05,0.31,0.11,1162688610726.26,207.15,50.91,307.0
RRC,-0.12,-0.35,3.51,0.06,-72.7,-85.35,1976,-0.3,0.1447,-4.13,0.41,0.82,0.35,,-0.13,0.12,0.19,-0.49,-0.13,-424588926.86,-1.63,26.84,-106.0
WMB,0.01,0.05,3.54,0.04,-34.87,-48.74,['1908'],0.04,0.0799,25.4,0.45,0.75,0.45,,0.01,0.14,0.34,-0.23,0.01,58583178792.65,48.22,34.96,38.0
VFC,0.08,0.26,3.6,0.11,51.34,59.92,['1899'],0.21,0.0783,5.86,0.34,0.86,0.08,,0.11,0.12,0.38,0.34,0.11,15599956862.7,39.72,33.22,20.0
VMC,0.05,0.1,3.62,0.03,9.71,-9.44,['1909'],0.1,0.0715,10.7,0.28,0.83,0.16,,0.06,0.12,0.31,0.07,0.06,20418383026.79,153.86,184.49,-17.0
COP,0.06,0.12,3.65,0.05,-173.93,1658.26,['1917'],0.12,0.1163,9.33,0.2,0.73,0.07,,0.07,0.17,0.42,-1.17,0.07,,,122.18,
IPG,0.04,0.22,3.66,0.07,43.63,-34.1,1902,0.15,0.0828999999999999,7.67,0.15,0.84,0.12,,0.08,0.1,0.3,0.29,0.08,44835713219.26,113.87,33.69,238.0
AWK,0.03,0.12,3.67,0.05,33.94,-11.72,['1886'],0.09,0.0617999999999999,11.61,0.4,0.68,0.32,,0.04,0.32,0.05,0.23,0.04,-46412238848.09,-255.66,153.74,-266.0
CBOE,0.08,0.13,3.67,0.04,8.59,28.11,['1973'],0.15,0.0781,7.87,0.19,0.77,0.06,,0.09,0.15,0.29,0.06,0.09,,,128.33,
BSX,0.07,0.15,3.68,0.02,-430.0,-30.98,['1979'],0.15,0.0813,7.77,0.27,0.83,0.17,,0.08,0.09,0.45,-2.88,0.08,13311547401.25,9.34,46.6,-80.0
EOG,0.07,0.12,3.69,0.06,-337.68,-19.58,['1985'],0.13,0.1186999999999999,8.79,0.13,0.69,0.03,,0.08,0.24,1.29,-2.26,0.08,58623888955.91,100.2,138.97,-28.000000000000004
KR,0.05,0.26,3.74,0.05,-8.94,-24.24,['1883'],0.18,0.0462,6.66,0.23,0.97,0.15,,0.08,0.01,0.11,-0.06,0.08,118893090272.6,161.7,47.57,240.0
MAT,0.01,-0.12,3.76,0.14,138.41,-163.15,['1945'],-0.05,0.0836,-19.9,0.4,0.86,0.34,,0.01,0.17,0.46,0.93,0.01,41401682795.04,118.18,18.55,537.0
FFIV,0.08,0.16,3.79,0.03,-7.71,18.42,['1996'],0.16,0.0923,,,0.83,0.0,,0.12,0.12,0.41,-0.05,0.12,7377137170.9,120.48,153.94,-22.0
FCX,0.04,0.15,3.8,0.07,53.02,-184.55,['1987'],0.12,0.1365,9.23,0.19,0.64,0.07,,0.04,0.19,1.37,0.36,0.04,41621417250.45,28.34,40.22,-30.0
TEL,0.08,0.15,3.83,0.06,-393.12,-6.82,,0.16,0.0847,7.45,0.17,0.82,0.02,,0.1,0.15,0.26,-2.63,0.1,41068867029.09,125.86,125.78,0.0
HRL,0.1,0.15,3.84,0.04,-3.48,5.67,1891,0.18,0.0465,6.86,0.26,0.9,0.04,,0.12,0.08,0.43,-0.02,0.12,28258212757.6,52.08,47.64,9.0
ROP,0.06,0.12,3.96,0.02,20.76,-10.75,['1981'],0.12,0.0892999999999999,9.13,0.3,0.73,0.15,,0.07,0.2,0.11,0.14,0.07,41237236360.39,390.93,443.87,-12.0
GD,0.07,0.23,3.97,0.05,-0.7,-7.24,['1899'],0.18,0.0705,6.86,0.21,0.89,0.1,,0.1,0.08,0.11,-0.0,0.1,140358989024.39,502.68,255.74,97.0
ETN,0.06,0.12,4.0,0.03,6.3,15.36,['1911'],0.12,0.0785,9.23,0.2,0.87,0.06,,0.07,0.11,0.04,0.04,0.07,41337595739.68,103.71,163.31,-36.0
STZ,0.05,0.1,4.03,-0.0,-5744.86,-5.27,['1945'],0.1,0.0758,10.7,0.37,0.66,0.12,,0.05,-0.0,0.07,-38.49,0.05,4.51041949732336e+20,2745835665345.64,261.05,1051842813670.0
URI,0.06,0.26,4.04,0.05,12.89,2.3,['1997'],0.19,0.1038,6.26,0.43,0.76,0.17,,0.07,0.14,0.06,0.09,0.07,14594851866.87,201.6,356.57,-43.0
BIIB,0.15,0.32,4.07,0.04,-20.09,22.52,['1978'],0.31,0.0223,5.33,0.26,0.69,0.07,,0.18,0.14,0.53,-0.13,0.18,293769779624.01,1999.89,298.9,569.0
TPR,0.06,0.13,4.16,0.08,-142.21,44.26,['1941'],0.12,0.0894,9.13,0.23,0.82,0.06,,0.07,0.13,0.54,-0.95,0.07,15255352285.44,55.45,38.81,43.0
ALGN,0.22,0.35,4.17,0.05,85.06,-20.33,['1997'],0.4,0.1205,6.5,0.0,0.75,0.0,,0.32,0.2,0.57,0.57,0.32,13859974697.82,175.77,198.41,-11.0
CMI,0.1,0.27,4.17,0.06,1.28,8.17,['1919'],0.24,0.0834,5.97,0.15,0.9,0.05,,0.14,0.09,0.37,0.01,0.14,32958511095.0,230.43,249.75,-8.0
HUM,0.08,0.2,4.2,0.04,24.11,108.6,['1961'],0.18,0.0695,6.76,0.24,0.95,0.08,,0.13,0.03,0.22,0.16,0.13,24203344629.67,188.3,546.78,-66.0
REGN,0.22,0.3,4.23,0.1,60.82,-26.3,['1988'],0.37,0.0338,6.1,0.08,0.44,0.01,,0.26,0.5,0.73,0.41,0.26,410702550261.24,3884.81,766.39,407.0
PGR,0.07,0.27,4.28,0.04,18.08,-6.94,['1937'],0.2,0.0602,6.6,0.07,0.91,0.05,,0.19,0.07,0.0,0.12,0.19,,,132.51,
PYPL,0.05,0.17,4.36,0.05,29.88,-0.79,['1998'],0.14,0.1131,8.24,0.11,0.83,0.05,,0.12,0.16,0.12,0.2,0.12,,,74.66,
HOLX,0.08,0.18,4.38,0.1,-165.66,-25.62,['1985'],0.17,0.0868,6.98,0.3,0.56,0.04,,0.09,0.33,0.88,-1.11,0.09,,,76.5,
NEE,0.04,0.12,4.41,0.02,-14.46,-4.31,['1925'],0.1,0.0575,10.6,0.36,0.82,0.41,,0.04,0.21,0.04,-0.1,0.04,-1296850795263.2,-660.94,85.2,-876.0
DHR,0.06,0.11,4.44,0.03,37.04,-19.47,1969,0.12,0.0753,9.13,0.27,0.72,0.03,,0.06,0.22,0.32,0.25,0.06,261485323143.26,365.93,274.23,33.0
NSC,0.07,0.18,4.45,0.05,8.44,-13.63,['1980'],0.16,0.1001,7.25,0.36,0.59,0.14,,0.07,0.27,0.33,0.06,0.07,34243214399.57,140.72,254.07,-45.0
PH,0.07,0.2,4.47,0.03,-0.18,-10.61,['1917'],0.17,0.1048,6.78,0.38,0.82,0.09,,0.09,0.08,0.09,-0.0,0.09,25478604005.47,198.25,297.38,-33.0
INCY,0.07,0.09,4.59,0.05,-92.93,-172.04,['1991'],0.12,0.075,,,0.8,0.0,,0.08,0.32,2.41,-0.62,0.08,22712958028.61,102.82,83.13,24.0
OKE,0.05,0.18,4.69,0.05,34.56,107.78,['1906'],0.14,0.1141,7.94,0.54,0.84,0.29,,0.06,0.09,0.05,0.23,0.06,13906275636.56,31.18,67.2,-54.0
GIS,0.07,0.26,4.69,0.05,15.81,-3.02,['1866'],0.2,0.0401,6.2,0.29,0.82,0.11,,0.1,0.14,0.07,0.11,0.1,120230758120.12,199.32,86.52,130.0
ANSS,0.09,0.12,4.69,0.02,2.84,-4.02,['1970'],0.15,0.0987,7.97,0.12,0.73,0.02,,0.11,0.24,0.86,0.02,0.11,9590815810.13,109.92,256.74,-56.99999999999999
CHTR,0.02,0.14,4.71,0.07,57.74,-31.73,['1993'],0.09,0.0642,11.61,0.62,0.78,0.36,,0.02,0.09,0.05,0.39,0.02,519366732283.1,2896.78,392.69,638.0
CPB,0.07,0.34,4.73,0.05,202.89,1.41,['1869'],0.24,0.0473,5.47,0.34,0.85,0.15,,0.1,0.09,0.04,1.36,0.1,235467124385.43,780.37,54.1,1342.0
AME,0.09,0.16,4.73,0.03,8.5,-5.95,['1930'],0.17,0.1023,7.28,0.19,0.76,0.06,,0.1,0.18,0.22,0.06,0.1,16288991616.26,70.42,144.39,-51.0
EA,0.13,0.2,4.74,0.02,40.01,-5.5,['1982'],0.23,0.077,6.25,0.14,0.83,0.05,,0.17,0.11,0.78,0.27,0.17,61250096129.6,216.58,132.28,64.0
RSG,0.05,0.13,4.76,0.03,9.01,-7.07,['1996'],0.12,0.0692,9.03,0.37,0.81,0.15,,0.05,0.11,0.01,0.06,0.05,64752790101.6,204.21,140.52,45.0
DOV,0.08,0.22,4.82,0.05,28.04,-12.35,['1947'],0.19,0.0975999999999999,6.46,0.29,0.83,0.08,,0.1,0.14,0.17,0.19,0.1,15327536155.43,106.45,143.49,-26.0
DLTR,0.01,0.05,4.82,0.04,-30.26,100.85,['1986'],0.04,0.0669,25.4,0.16,0.93,0.07,,0.02,0.05,0.24,-0.2,0.02,11519463186.73,51.21,151.2,-66.0
HAL,-0.01,-0.09,4.82,0.04,-52.46,2.22,['1919'],-0.06,0.1476,-16.67,0.41,0.89,0.3,,-0.02,0.1,0.71,-0.35,-0.02,-3636615307.73,-4.06,38.87,-110.0
AJG,0.03,0.13,4.85,0.02,12.92,-23.03,['1927'],0.1,0.075,10.7,0.17,0.83,0.16,,0.06,0.11,0.02,0.09,0.06,41614852890.54,200.77,201.26,-0.0
PPG,0.07,0.23,4.87,0.04,4.59,2.65,['1883'],0.18,0.0902,6.56,0.31,0.89,0.07,,0.09,0.09,0.21,0.03,0.09,16318794585.58,68.74,137.3,-50.0
BMY,0.04,0.09,4.88,0.04,-189.94,-24.78,['1887'],0.08,0.0506,13.0,0.36,0.79,0.13,,0.06,0.15,0.64,-1.27,0.06,26586131999207.64,11977.68,81.13,14663.999999999998
MMM,0.12,0.45,4.89,0.08,4.58,-5.08,['1902'],0.34,0.0771999999999999,4.74,0.34,0.78,0.06,,0.15,0.17,0.51,0.03,0.15,194977053497.27,338.35,126.99,166.0
SLB,-0.09,-0.28,4.89,0.03,-229.42,10.0,['1926'],-0.23,0.125,-5.45,0.32,0.88,0.19,,-0.12,0.08,0.17,-1.54,-0.12,15996964310.52,11.4,52.79,-78.0
DVN,-0.0,-0.09,4.91,0.06,112.79,61.34,['1971'],-0.04,0.1732999999999999,-25.0,0.31,0.75,0.12,,0.0,0.21,0.68,0.76,-0.0,50645664575.28,74.81,68.46,9.0
OMC,0.05,0.43,4.98,0.08,6.82,7.42,['1944'],0.26,0.0745,4.95,0.2,0.85,0.1,,0.11,0.1,0.33,0.05,0.11,30006387156.67,141.17,78.65,79.0
APD,0.08,0.16,5.0,0.03,8.65,68.27,['1940'],0.16,0.0771999999999999,7.35,0.26,0.81,0.05,,0.09,0.2,1.6,0.08,0.09,21162276408.99,95.46,318.44,-70.0
GILD,0.07,0.2,5.02,0.06,1620.66,-9.97,['1987'],0.17,0.0382,6.78,0.37,0.59,0.09,,0.08,0.23,0.46,10.86,0.08,3.1844383800703027e+18,2538655191.28,89.03,2851460297.0
WMT,0.05,0.16,5.04,0.03,38.37,36.36,['1945'],0.13,0.0596,8.69,0.15,0.95,0.08,,0.08,0.02,0.17,0.26,0.08,1064500575527.2,383.76,153.22,150.0
CSCO,0.12,0.3,5.05,0.06,0.82,5.63,['1984'],0.27,0.0899,6.0,0.09,0.73,0.03,,0.16,0.23,0.28,0.01,0.16,283194595013.24,67.15,49.7,35.0
ABT,0.06,0.13,5.13,0.04,44.97,-15.39,['1888'],0.12,0.0709,9.23,0.23,0.79,0.06,,0.07,0.16,0.75,0.3,0.07,404867179383.65,228.96,108.09,112.0
CSX,0.08,0.26,5.14,0.05,6.81,-2.83,['1978'],0.21,0.0943,5.86,0.4,0.58,0.14,,0.09,0.3,1.0,0.05,0.09,52213190846.1,23.54,32.05,-27.0
MKC,0.07,0.21,5.16,0.03,-5.77,9.12,['1889'],0.18,0.0715,6.66,0.3,0.82,0.12,,0.09,0.12,0.11,-0.04,0.09,18460762242.3,74.03,86.38,-14.000000000000002
TMO,0.07,0.15,5.18,0.03,39.82,-15.57,['1956'],0.15,0.0706,7.57,0.34,0.74,0.05,,0.08,0.2,0.33,0.27,0.08,300482028274.44,762.55,563.0,35.0
FMC,0.06,0.19,5.32,0.04,14.72,-26.51,['1883'],0.16,0.011,7.35,0.26,0.77,0.11,,0.08,0.15,0.15,0.1,0.08,124338475393.85,980.97,134.36,630.0
AOS,0.13,0.23,5.33,0.05,5.91,-13.45,['1874'],0.24,0.0987,6.37,0.05,0.83,0.01,,0.18,0.14,0.4,0.04,0.18,10661890207.37,80.05,60.38,33.0
AXP,0.03,0.28,5.34,0.07,33.71,28.62,['1850'],0.17,0.0838,6.48,0.21,0.77,0.0,,0.07,0.18,0.2,0.23,0.07,244526173977.01,315.7,156.75,101.0
EQIX,0.02,0.05,5.42,0.01,15.68,-10.65,,0.04,0.0553,25.3,0.41,0.88,0.45,,0.02,0.08,0.96,0.11,0.02,487781675026.55,5417.32,691.47,683.0
EXPD,0.17,0.31,5.5,0.07,38.92,-11.74,['1979'],0.32,0.0843999999999999,6.32,0.0,0.88,0.0,,0.28,0.09,0.46,0.26,0.28,22756479241.15,134.33,115.52,16.0
TSLA,0.01,-0.03,5.58,0.03,156.71,-77.47,,0.0,0.1767999999999999,-inf,0.07,0.88,0.05,,0.02,0.1,0.89,1.05,0.02,266809982241.26,265.68,194.86,36.0
BBY,0.11,0.52,5.64,0.12,19.47,-0.67,['1966'],0.37,0.0978,5.4,0.07,0.94,0.01,,0.26,0.05,0.28,0.13,0.26,41769688040.52,173.63,86.6,100.0
DAL,-0.01,-1.85,5.64,0.01,-146.97,-11263.58,['1924'],-0.94,0.0587,-1.96,0.33,1.07,-0.59,,0.0,0.01,0.38,-0.98,-0.0,-66520275862.07,-103.94,35.71,-391.0
SYK,0.08,0.18,5.7,0.02,-13.3,-3.56,['1941'],0.17,0.0825,6.88,0.36,0.79,0.09,,0.09,0.12,0.65,-0.09,0.09,68841404560.23,182.49,243.11,-25.0
EMR,0.1,0.25,5.71,0.04,2.36,-8.63,['1890'],0.22,0.1072,6.05,0.23,0.83,0.05,,0.14,0.13,0.38,0.02,0.14,40533634391.25,68.04,96.87,-30.0
JWN,0.02,-0.2,5.83,0.06,-125.66,-165.37,['1901'],-0.08,0.0949,-12.2,0.32,0.97,0.32,,0.03,0.01,0.1,-0.84,0.03,-3634325113.4,-22.81,20.2,-213.0
ALB,0.05,0.11,5.88,0.0,-39.91,27.15,['1887'],0.11,0.1151,9.99,0.18,0.82,0.05,342.0,0.06,0.04,0.23,-0.27,0.06,-15176515478.69,-129.74,284.28,-146.0
ECL,0.03,0.08,5.88,0.03,-120.66,2.86,['1923'],0.07,0.0911999999999999,14.69,0.39,0.85,0.11,,0.04,0.09,0.1,-0.81,0.04,22179087257.2,77.4,151.36,-49.0
TGT,0.09,0.35,5.9,0.09,34.62,-11.0,['1902'],0.26,0.0891,5.35,0.22,0.91,0.05,,0.15,0.07,0.27,0.23,0.15,101306365455.06,211.44,164.16,29.0
OXY,-0.02,-0.32,5.99,0.04,630.58,19.01,['1920'],-0.18,0.113,-5.76,0.39,0.83,0.34,,-0.02,0.09,0.33,4.22,-0.02,463775791557487.25,496558.06,68.21,727884.0
CHD,0.1,0.24,6.0,0.04,13.74,-6.83,['1846'],0.22,0.0638,6.15,0.2,0.81,0.06,,0.13,0.16,0.12,0.09,0.13,62070593656.18,248.28,83.07,199.0
RHI,0.19,0.37,6.06,0.07,22.5,-1.25,['1948'],0.38,0.1081,,,0.89,0.0,,0.33,0.09,0.46,0.15,0.33,8948591921.61,80.38,77.48,4.0
JBHT,0.1,0.22,6.12,0.04,17.94,-19.88,['1961'],0.21,0.0984,6.46,0.14,0.91,0.04,,0.13,0.06,0.21,0.12,0.13,2608493483.01,24.84,182.88,-86.0
JNJ,0.1,0.26,6.22,0.04,12.68,-2.04,['1886'],0.23,0.0619,6.05,0.16,0.73,0.01,,0.13,0.22,0.32,0.08,0.13,1641379101923.05,623.48,178.88,249.00000000000003
CHRW,0.12,0.36,6.27,0.07,13.77,248.33,['1905'],0.3,0.0746,5.23,0.2,0.95,0.05,,0.2,0.04,0.08,0.09,0.2,-2151675115.62,-16.55,96.71,-117.0
XYL,0.05,0.14,6.28,0.02,1.5,15.6,,0.12,0.0877999999999999,9.13,0.29,0.89,0.13,,0.06,0.08,0.97,0.01,0.06,4178214992.77,23.17,113.53,-80.0
AMP,0.01,0.36,6.41,0.07,17.06,-0.15,['1894'],0.19,0.1079,7.36,0.02,0.69,0.19,,0.01,0.21,0.72,0.11,0.01,-111201728477.45,-993.85,330.18,-401.0
NOC,0.09,0.37,6.43,0.08,43.71,8.06,['1939'],0.28,0.063,5.17,0.3,0.79,0.07,,0.12,0.2,0.37,0.29,0.12,153374941602.67,974.81,545.6,79.0
INTU,0.16,0.28,6.46,0.02,10.13,-15.07,['1983'],0.3,0.1086999999999999,5.53,0.23,0.79,0.03,,0.21,0.16,0.77,0.07,0.21,56001069428.24,197.77,407.92,-52.0
K,0.07,0.42,6.58,0.06,7.04,10.41,['1906'],0.28,0.0478,4.77,0.35,0.86,0.11,,0.1,0.1,0.05,0.05,0.1,35063018070.47,102.79,73.83,39.0
EFX,0.03,0.08,6.69,0.03,-138.67,-221.33,['1899'],0.07,0.1038,14.79,0.4,0.77,0.13,,0.04,0.15,0.1,-0.93,0.04,9441083649.76,77.38,201.38,-62.0
UNH,0.08,0.24,6.73,0.03,12.99,-11.36,['1977'],0.2,0.0768,6.4,0.2,0.92,0.07,,0.12,0.06,0.27,0.09,0.12,644126861585.87,683.89,536.16,28.000000000000004
EXR,0.06,0.2,6.77,0.04,29.21,-10.55,,0.16,0.0652,6.95,0.57,0.46,0.19,,0.06,0.51,0.3,0.2,0.06,58766638778.48,438.91,159.0,176.0
IQV,0.02,0.07,6.79,0.02,88.69,-28.09,['1982'],0.06,0.0996,17.07,0.49,0.9,0.26,,0.02,0.07,0.26,0.59,0.02,,,217.73,
MCHP,0.04,0.11,6.8,0.03,96.49,-15.78,['1989'],0.1,0.1073,10.6,0.47,0.72,0.14,,0.04,0.19,0.23,0.65,0.04,47318431270.42,85.28,77.31,10.0
DE,0.05,0.26,6.87,0.04,46.23,947.23,['1837'],0.18,0.0682,6.86,0.11,0.82,0.04,,0.07,0.14,0.26,0.31,0.07,240062827159.26,780.93,445.61,75.0
CF,0.04,0.17,6.88,0.04,74.52,-14.62,['1946'],0.12,0.0888,9.13,0.28,0.66,0.08,,0.04,0.14,1.14,0.5,0.04,58796121236.87,274.14,104.39,163.0
HES,-0.04,-0.14,6.93,0.01,194.9,-74.97,['1920'],-0.11,0.1058,-9.39,0.39,0.73,0.25,,-0.05,0.08,0.89,1.31,-0.05,102345355510.96,330.44,144.02,129.0
IBM,0.05,0.39,6.96,0.04,-9.98,6.74,['1911'],0.24,0.0574,5.07,0.34,0.9,0.2,,0.07,0.1,0.2,-0.07,0.07,1410432633392.33,1573.58,148.67,958.0
MRK,0.1,0.31,6.99,0.05,38.23,5.31,['1891'],0.26,0.0559999999999999,5.35,0.29,0.67,0.05,,0.13,0.27,0.34,0.26,0.13,1637355452029.56,648.22,110.04,489.0
EXPE,-0.02,-0.37,7.15,0.0,-207.87,-139.01,['1996'],-0.2,0.0877999999999999,-5.1,0.36,0.97,1.34,,-0.03,0.0,0.44,-1.39,-0.03,65925666648.93,451.53,103.69,335.0
CCI,0.02,0.1,7.28,0.02,21.61,-13.65,,0.07,0.0596,14.69,0.52,0.68,0.32,,0.03,0.17,0.14,0.14,0.03,133564037511.55,309.03,140.17,120.0
APH,0.11,0.26,7.51,0.03,10.74,-10.09,['1932'],0.24,0.1031,5.57,0.33,0.8,0.05,,0.14,0.15,0.49,0.07,0.14,15366135023.91,25.69,80.62,-68.0
CAT,0.07,0.36,7.62,0.05,21.59,-8.1,1925,0.25,0.0765,5.7,0.12,0.84,0.06,,0.1,0.13,0.28,0.14,0.1,123872778046.88,228.99,236.13,-3.0
AMAT,0.18,0.4,7.63,0.06,28.5,-11.13,['1967'],0.38,0.1175,5.33,0.21,0.69,0.03,,0.23,0.26,0.79,0.19,0.23,64313385869.76,72.38,106.71,-32.0
PG,0.1,0.25,7.64,0.04,82.38,-3.39,['1837'],0.22,0.0566,6.05,0.19,0.77,0.02,,0.13,0.18,0.22,0.55,0.13,2183844947369.56,902.43,150.61,499.0
MMC,0.07,0.24,7.79,0.04,25.74,-9.84,['1871'],0.19,0.0855,6.36,0.32,0.76,0.09,,0.09,0.16,0.26,0.17,0.09,70353210625.12,139.34,173.91,-20.0
ISRG,0.13,0.15,7.81,0.02,19.97,-15.94,['1995'],0.2,0.1189,7.0,0.0,0.68,0.0,,0.14,0.3,1.12,0.13,0.14,25487917549.73,71.35,272.25,-74.0
EW,0.15,0.23,7.93,0.03,35.39,-12.14,['1958'],0.26,0.0974,6.25,0.07,0.7,0.01,,0.17,0.29,0.84,0.24,0.17,29822561349.4,47.77,76.55,-38.0
VRTX,0.22,0.3,7.96,0.03,24.31,-15.72,['1989'],0.37,0.011,6.4,0.0,0.63,0.02,,0.26,0.31,3.17,0.16,0.26,438303190874.01,1723.89,321.37,436.00000000000006
NFLX,0.07,0.26,7.97,0.04,62.44,-611.22,['1997'],0.2,0.0983,6.3,0.33,0.79,0.12,,0.09,0.17,0.71,0.42,0.09,-17453974554.94,-39.4,320.41,-112.0
MNST,0.21,0.26,8.03,0.03,12.17,1.31,['1985'],0.34,0.0799,6.34,0.0,0.67,0.0,,0.24,0.25,1.37,0.08,0.24,38200978889.14,72.19,104.04,-31.0
HON,0.1,0.32,8.03,0.04,-5.14,3.3,['1906'],0.26,0.011,5.45,0.22,0.78,0.05,,0.14,0.16,0.56,-0.03,0.14,894966805726.27,1300.02,219.08,493.0
A,0.08,0.17,8.13,0.03,91.45,-8.37,['1999'],0.16,0.0905,7.45,0.25,0.78,0.06,,0.1,0.19,0.87,0.61,0.1,,,155.67,
AVY,0.08,0.38,8.14,0.05,27.06,-30.28,1935,0.27,0.075,4.9,0.35,0.88,0.07,,0.13,0.09,0.06,0.18,0.13,27655597139.95,334.02,192.6,73.0
ACN,0.15,0.31,8.19,0.04,12.98,-11.66,['1951'],0.3,0.1006,6.33,0.0,0.85,0.01,,0.23,0.11,0.45,0.09,0.23,160024196442.66,253.2,300.13,-16.0
AVGO,0.1,0.24,8.56,0.03,19.48,-14.69,,0.22,0.0955,5.65,0.52,0.68,0.22,,0.11,0.25,1.94,0.13,0.11,259598746656.39,628.76,540.8,16.0
DRI,0.07,0.23,8.66,0.05,-452.3,51.29,['1968'],0.18,0.0957,7.06,0.09,0.88,0.06,,0.09,0.1,0.23,-3.03,0.09,-11537468265.8,-88.9,145.48,-161.0
SNPS,0.08,0.13,9.41,0.01,20.63,-38.06,['1986'],0.15,0.1021,8.17,0.0,0.82,0.0,,0.11,0.18,0.59,0.14,0.11,25068184883.9,163.38,348.17,-53.0
AES,0.01,0.07,9.49,-0.02,-382.92,-109.49,['1981'],0.05,0.0652,20.5,0.52,0.77,0.36,,0.01,-0.04,0.2,-2.57,0.01,-43573083129.9,-65.35,28.67,-328.0
DG,0.1,0.32,9.54,0.04,17.71,2.21,1939,0.26,0.0478,5.55,0.16,0.91,0.05,,0.12,0.07,0.06,0.12,0.12,57804190547.84,249.47,243.96,2.0
WM,0.06,0.25,9.56,0.03,-0.76,-6.63,1987,0.18,0.0708,6.36,0.43,0.84,0.12,,0.07,0.1,0.03,-0.01,0.07,101147534147.81,241.8,169.81,42.0
DVA,0.04,0.57,9.59,0.13,143.55,-11.6,['1994'],0.32,0.0395,3.62,0.49,0.85,0.16,,0.05,0.08,0.19,0.96,0.05,103115723089.86,1011.93,74.34,1261.0
ROST,0.14,0.36,9.6,0.04,609.09,15.31,['1957'],0.32,0.0863,5.22,0.18,0.88,0.03,,0.21,0.09,1.17,4.08,0.21,321643439531830.4,910320.25,119.0,764875.0
UNP,0.1,0.35,9.64,0.05,3.84,-4.75,['1862'],0.28,0.0886999999999999,4.77,0.43,0.57,0.12,,0.1,0.3,0.17,0.03,0.1,117280995903.68,182.43,214.73,-15.0
RMD,0.12,0.21,9.77,0.02,31.41,53.27,['1989'],0.22,0.0679,6.35,0.15,0.72,0.02,,0.14,0.22,0.4,0.21,0.14,11541850075.17,79.2,232.9,-66.0
FAST,0.22,0.31,9.84,0.03,7.16,-0.15,['1967'],0.38,0.0955,6.13,0.08,0.8,0.01,,0.25,0.15,0.35,0.05,0.25,13108229587.5,22.79,51.43,-56.00000000000001
PSA,0.13,0.32,9.97,0.04,7.35,-6.22,,0.29,0.0646,4.75,0.4,0.5,0.05,,0.13,0.56,0.75,0.05,0.13,175324007984.48,999.82,295.8,238.0
LRCX,0.21,0.57,10.1,0.07,31.39,11.86,['1980'],0.5,0.107,4.9,0.29,0.69,0.03,,0.28,0.27,0.77,0.21,0.28,39421779174.91,279.99,457.67,-39.0
VRSK,0.09,0.25,10.3,0.02,9.01,-7.43,['1971'],0.22,0.0817,5.95,0.3,0.62,0.11,,0.11,0.22,0.15,0.06,0.11,24560906625.64,152.4,185.44,-18.0
ADBE,0.17,0.32,10.34,0.03,27.94,-17.86,['1982'],0.33,0.1092,5.63,0.15,0.63,0.02,,0.23,0.31,0.55,0.19,0.23,112619830516.55,236.7,341.53,-31.0
NKE,0.14,0.4,10.75,0.03,31.38,66.67,1964,0.34,0.0967,5.24,0.22,0.86,0.04,,0.19,0.13,0.8,0.21,0.19,78952715431.03,61.79,112.2,-45.0
MSFT,0.17,0.41,10.91,0.04,23.31,-16.22,['1975'],0.38,0.0852,5.63,0.13,0.58,0.02,,0.22,0.37,0.15,0.16,0.22,1782686863274.23,237.44,255.02,-7.000000000000001
UPS,0.09,1.47,11.01,0.08,260.9,25.33,['1907'],0.82,0.0818,4.82,0.28,0.83,0.04,,0.13,0.13,0.58,1.75,0.13,11459835342367.7,15716.53,189.39,8199.0
COST,0.08,0.26,11.24,0.03,17.07,7.19,1976,0.21,0.0725,6.36,0.1,0.97,0.02,,0.16,0.03,0.32,0.11,0.16,121966746623.88,275.05,494.53,-44.0
SPG,0.06,0.66,11.6,0.06,13.76,6.55,,0.39,0.0978999999999999,3.36,0.69,0.53,0.33,,0.07,0.44,0.11,0.09,0.07,38431402112.79,116.95,119.34,-2.0
KO,0.09,0.42,11.66,0.04,17.2,-17.89,['1886'],0.3,0.068,4.63,0.4,0.71,0.14,,0.13,0.25,0.49,0.12,0.13,589183193944.63,136.4,64.35,112.0
AMD,0.17,0.31,11.67,0.03,219.46,-95.7,['1969'],0.32,0.1288,6.32,0.0,0.78,0.01,,0.25,0.19,0.6,1.47,0.25,899882027517.27,745.18,74.98,894.0
TXN,0.3,0.59,11.94,0.05,13.43,-0.89,['1930'],0.6,0.0871,5.67,0.29,0.51,0.02,,0.34,0.42,1.8,0.09,0.34,169173321984.69,183.18,177.66,3.0
LMT,0.13,1.83,12.1,0.05,8.52,-31.31,['1912'],1.04,0.073,6.16,0.23,0.88,0.07,,0.18,0.09,0.26,0.06,0.18,,,496.23,
TSCO,0.13,0.4,12.53,0.04,23.98,13.21,['1938'],0.33,0.076,5.33,0.13,0.89,0.02,,0.18,0.08,0.43,0.16,0.18,15363848054.38,134.99,224.94,-40.0
ROK,0.12,0.9,12.8,0.04,36.57,1.47,['1903'],0.57,0.1084,4.25,0.32,0.84,0.08,,0.17,0.19,0.22,0.25,0.17,13467745041.57,116.09,265.49,-56.00000000000001
ALLE,0.14,0.55,13.31,0.05,8.1,-2.65,,0.42,0.0786,4.08,0.47,0.81,0.09,,0.17,0.17,0.66,0.05,0.17,14088360566.55,157.07,114.52,37.0
QCOM,0.09,-0.87,13.53,0.06,-31.96,-18.34,['1985'],-0.34,0.093,-4.14,0.33,0.71,0.06,,0.11,0.27,0.6,-0.21,0.11,180080916958.13,160.79,125.66,28.000000000000004
CTAS,0.13,0.31,13.8,0.03,12.35,-14.8,['1968'],0.29,0.1182,5.25,0.31,0.8,0.06,,0.16,0.16,0.06,0.08,0.16,15473924849.48,149.27,462.53,-68.0
EL,0.1,0.37,14.1,0.03,80.4,4.01,['1946'],0.29,0.0883999999999999,5.05,0.25,0.8,0.05,,0.15,0.13,0.68,0.54,0.15,52833611477.56,228.02,239.01,-5.0
PAYX,0.13,0.4,14.2,0.03,11.0,-4.84,['1971'],0.33,0.0955,5.73,0.08,0.6,0.02,,0.28,0.3,0.07,0.07,0.28,25497128063.43,70.68,125.98,-44.0
NVDA,0.21,0.32,14.34,0.02,49.19,-25.9,['1993'],0.37,0.1191,5.4,0.25,0.63,0.02,,0.24,0.36,0.46,0.33,0.24,120964716400.87,48.54,168.76,-71.0
ZTS,0.13,0.52,15.11,0.03,12.87,-5.02,['1952'],0.39,0.0774,4.36,0.47,0.64,0.08,,0.15,0.26,1.94,0.09,0.15,57797570767.35,122.16,157.42,-22.0
TJX,0.12,0.43,15.28,0.03,1146.11,24.62,['1962'],0.34,0.0782,5.24,0.12,0.91,0.03,,0.18,0.07,0.59,7.68,0.18,7.581894674786362e+16,63559575.77,80.19,79261124.0
ULTA,0.15,0.37,15.58,0.04,130.92,-8.18,['1990'],0.34,0.1036999999999999,6.34,0.0,0.85,0.0,,0.21,0.11,0.28,0.88,0.21,43057587468.82,795.59,471.33,69.0
WU,0.1,-5.82,15.77,0.14,0.94,-11.5,['1851'],-2.81,0.0684,-3.06,0.34,0.78,0.09,,0.24,0.16,0.24,0.01,0.24,49162454547.75,122.29,14.44,747.0
PEP,0.1,0.59,15.93,0.03,-12.41,-3.54,['1898'],0.4,0.0662,4.0,0.39,0.85,0.15,,0.14,0.1,0.21,-0.08,0.14,377352699769.83,272.92,185.69,47.0
CDNS,0.19,0.31,16.37,0.01,54.52,-19.33,['1987'],0.34,0.0943,6.04,0.08,0.74,0.02,,0.24,0.23,1.12,0.37,0.24,24337492925.76,87.82,172.43,-49.0
GWW,0.14,0.45,16.51,0.03,13.5,8.02,['1927'],0.36,0.1018999999999999,4.48,0.36,0.88,0.06,,0.18,0.08,0.16,0.09,0.18,9396830253.56,182.39,602.08,-70.0
HSY,0.14,0.65,17.34,0.03,8.13,-5.96,['1894'],0.46,0.0586,4.17,0.39,0.77,0.06,,0.19,0.16,0.13,0.05,0.19,,,234.73,
IRM,0.03,0.3,17.85,0.03,11.7,98.41,['1951'],0.18,0.0655,6.06,0.6,0.8,0.47,,0.03,0.1,0.13,0.08,0.03,-3450900460.13,-11.92,55.06,-122.0
ABBV,0.07,-0.13,18.03,0.04,49.07,-15.81,,0.01,0.0666,100.3,0.44,0.65,0.12,,0.1,0.21,0.28,0.33,0.1,1279401472789.97,723.69,163.66,342.0
CMG,0.08,0.2,18.3,0.01,61.16,-15.25,['1993'],0.18,0.1022,7.36,0.0,0.89,0.0,,0.09,0.09,0.93,0.41,0.09,14220112979.02,505.42,1604.88,-69.0
NTAP,0.1,1.66,19.24,0.06,-4.15,7.87,['1992'],0.93,0.0896,3.68,0.24,0.81,0.06,,0.18,0.15,1.04,-0.03,0.18,17038745481.49,76.66,66.43,15.0
ITW,0.16,0.76,19.57,0.04,3.25,3.07,['1912'],0.54,0.092,3.85,0.43,0.76,0.06,241.0,0.2,0.19,0.44,0.02,0.2,44548804111.29,141.93,228.29,-38.0
AMT,0.04,0.38,19.71,0.03,31.37,-7.63,,0.23,0.0578,4.85,0.55,0.62,0.24,,0.04,0.27,0.22,0.21,0.04,585991434174.51,1286.72,219.37,487.0
MCO,0.14,1.78,19.9,0.04,19.37,-8.87,['1900'],1.03,0.0957,3.87,0.51,0.54,0.06,,0.18,0.36,0.73,0.13,0.18,31831050138.4,171.23,301.73,-43.0
CTXS,0.0,1.73,23.68,0.0,-15.54,22.25,['1989'],0.96,0.011,2.54,0.48,0.88,0.24,,0.19,0.0,0.0,0.0,0.0,0.0,0.0,0.0,0.0
AMGN,0.12,0.78,24.23,0.04,-10.94,9.34,['1980'],0.51,0.0659,3.06,0.54,0.64,0.13,,0.15,0.23,0.66,-0.07,0.15,499476910487.33,886.75,285.51,211.0
SHW,0.08,0.5,25.74,0.03,20.86,4.98,['1866'],0.33,0.0873,4.03,0.42,0.87,0.13,,0.11,0.09,0.03,0.14,0.11,35316286130.75,134.69,257.75,-48.0
SEE,0.06,0.76,30.48,0.06,42.73,-16.51,['1960'],0.44,0.0823,2.97,0.51,0.84,0.2,,0.09,0.09,0.28,0.29,0.09,10806676396.9,72.94,53.51,36.0
SYY,0.05,0.54,31.61,0.03,71.78,25.91,['1969'],0.32,0.0981,4.03,0.45,0.96,0.24,,0.07,0.02,0.1,0.48,0.07,9915024448.41,19.34,85.33,-77.0
CLX,0.12,1.26,33.0,0.02,-14.94,24.73,['1913'],0.75,0.046,3.03,0.4,0.9,0.15,,0.17,0.07,0.1,-0.1,0.17,18221921854.03,148.31,150.68,-2.0
ADP,0.05,0.56,33.66,0.03,8.8,-4.64,['1949'],0.33,0.081,4.83,0.05,0.77,0.02,,0.28,0.18,0.03,0.06,0.28,39952335940.01,94.81,269.9,-65.0
HRB,0.12,1.39,35.25,0.07,-2620.64,16.96,['1955'],0.82,0.0629,2.72,0.45,0.78,0.12,,0.16,0.16,0.89,-17.56,0.16,-4.340924000173537e+18,-24716443172.28,42.38,-58321008057.00001
MAR,0.04,0.71,36.97,0.02,-221.94,31.48,['1927'],0.39,0.1173,3.46,0.36,0.5,0.25,,0.06,0.32,0.22,-1.49,0.06,-8630836066.81,-26.5,165.63,-116.0
LLY,0.13,1.31,38.48,0.02,40.65,-8.76,['1876'],0.78,0.0576999999999999,4.28,0.32,0.71,0.04,,0.19,0.2,0.25,0.27,0.19,778138367132.88,813.45,374.76,117.0
AAPL,0.19,0.89,38.49,0.04,20.55,-10.64,['1977'],0.64,0.1066,4.06,0.31,0.7,0.02,,0.29,0.26,0.28,0.14,0.29,1477974375372.45,90.09,147.81,-39.0
KLAC,0.18,0.97,40.26,0.06,44.71,-29.63,['1975'],0.66,0.1008,2.82,0.53,0.6,0.04,,0.23,0.36,0.55,0.3,0.23,55283264448.46,364.61,389.56,-6.0
SPGI,0.2,3.41,41.2,0.03,15.96,-17.49,['1860'],1.9,0.0994999999999999,6.73,0.29,0.45,0.03,,0.27,0.36,1.7,0.11,0.27,63654750970.26,264.13,359.8,-27.0
MA,0.23,1.16,45.45,0.02,17.68,-11.77,['1966'],0.81,0.1017,4.33,0.35,0.46,0.04,,0.39,0.46,0.56,0.12,0.39,156869874488.76,160.94,360.06,-55.00000000000001
IDXX,0.26,-8.81,50.74,0.02,25.83,-21.74,['1983'],-4.15,0.1018,-19.64,0.32,0.71,0.03,,0.42,0.23,0.19,0.17,0.42,,,435.3,
ADSK,0.06,0.17,52.5,0.01,12.98,-28.27,['1982'],0.15,0.1205,7.27,0.26,0.83,0.09,,0.11,0.11,0.38,0.09,0.11,14364278459.67,65.3,201.11,-68.0
WAT,0.2,0.44,53.62,0.03,6.88,-3.64,['1958'],0.42,0.0834,3.38,0.49,0.7,0.05,,0.26,0.25,0.74,0.05,0.26,15851011545.33,259.7,347.37,-25.0
AON,0.05,0.62,62.65,0.02,9.12,-6.68,['1919'],0.36,0.0722,3.48,0.26,0.71,0.09,,0.11,0.1,0.03,0.06,0.11,66174271949.49,300.34,306.78,-2.0
IT,0.05,0.69,74.97,0.03,100.78,-33.7,['1979'],0.39,0.1055,3.36,0.34,0.8,0.1,,0.09,0.17,0.22,0.68,0.09,25555117766.63,310.74,351.99,-12.0
KMB,0.12,-15.75,87.31,0.04,13.05,14.55,['1872'],-7.76,0.0538,-4.53,0.45,0.85,0.09,,,0.09,0.04,0.09,0.2,459338031056.18,1364.17,137.93,889.0
CL,0.17,0.97,106.46,0.03,-2.38,-0.61,['1806'],0.66,0.0572,2.22,0.48,0.78,0.05,,0.23,0.12,0.21,-0.02,0.23,388050921868.45,460.4,78.17,489.0
STX,0.17,4.68,110.5,0.14,2.09,-2.95,['1978'],2.51,0.0679,1.4,0.57,0.83,0.13,,0.25,0.14,0.18,0.01,0.25,66283156191.03,297.72,52.97,462.0
ABC,0.0,2.78,149.38,0.04,-230.7,-18.0,,1.39,0.0537,1.42,0.11,0.99,0.07,,0.01,0.01,0.06,-1.55,0.01,575260271951.39,2763.91,173.99,1489.0
MTD,0.21,2.21,186.64,0.02,14.82,-19.2,['1991'],1.32,0.0969999999999999,2.26,0.48,0.73,0.04,,0.3,0.21,0.09,0.1,0.3,14997705210.52,652.48,1486.1,-56.00000000000001
ALB,0.05,,,0.0,,,,,0.1151,,,,,,,0.04,0.23,-0.27,0.06,-15176515478.69,-129.74,284.28,-146.0
LTHM,0.06,,,0.0,,,,,0.1271,,,,,,,0.0,0.86,-0.66,0.07,-1843870395.57,-11.41,28.0,-141.0
